"source_path","file_name","classification","proposed_destination","requires_split","dependencies","risk","priority","evidence_summary"
"C:\Users\Guiuliano\SistemaAnaliseAgua\docs\adoption\ADOPTION_CHECKLIST.md","ADOPTION_CHECKLIST.md","INSTÂNCIA","SEM MIGRACAO: permanecer no repositorio PROTEUS","NO","Nenhuma dependencia documental explicita localizada no arquivo.","ALTO: arquivo fora do HEAD; preservar hash, contexto e cadeia de autoridade antes de qualquer copia.","P3","Titulo/conteudo: 'ADOPTION_CHECKLIST.md'; referencias verificadas: ICFACTORY=0, PROTEUS/CASE-01=0. O titulo, o dominio, as dependencias ou a finalidade descrevem arquitetura, operacao, comunicacao, avaliacao ou estado do PROTEUS."
"C:\Users\Guiuliano\SistemaAnaliseAgua\docs\adoption\ADOPTION_PLAN.md","ADOPTION_PLAN.md","INSTÂNCIA","SEM MIGRACAO: permanecer no repositorio PROTEUS","NO","Nenhuma dependencia documental explicita localizada no arquivo.","BAIXO PARA O FRAMEWORK: perda de contexto ocorreria apenas se o artefato da instancia fosse migrado isoladamente.","P3","Titulo/conteudo: 'Adoption Plan'; referencias verificadas: ICFACTORY=0, PROTEUS/CASE-01=1. O titulo, o dominio, as dependencias ou a finalidade descrevem arquitetura, operacao, comunicacao, avaliacao ou estado do PROTEUS."
"C:\Users\Guiuliano\SistemaAnaliseAgua\docs\adoption\CONTACT_PACKAGE.md","CONTACT_PACKAGE.md","INSTÂNCIA","SEM MIGRACAO: permanecer no repositorio PROTEUS","NO","Nenhuma dependencia documental explicita localizada no arquivo.","ALTO: arquivo fora do HEAD; preservar hash, contexto e cadeia de autoridade antes de qualquer copia.","P3","Titulo/conteudo: 'Contact Package'; referencias verificadas: ICFACTORY=0, PROTEUS/CASE-01=2. O titulo, o dominio, as dependencias ou a finalidade descrevem arquitetura, operacao, comunicacao, avaliacao ou estado do PROTEUS."
"C:\Users\Guiuliano\SistemaAnaliseAgua\docs\adoption\FEEDBACK_FORM.md","FEEDBACK_FORM.md","INSTÂNCIA","SEM MIGRACAO: permanecer no repositorio PROTEUS","NO","Nenhuma dependencia documental explicita localizada no arquivo.","BAIXO PARA O FRAMEWORK: perda de contexto ocorreria apenas se o artefato da instancia fosse migrado isoladamente.","P3","Titulo/conteudo: 'Feedback Form'; referencias verificadas: ICFACTORY=0, PROTEUS/CASE-01=2. O titulo, o dominio, as dependencias ou a finalidade descrevem arquitetura, operacao, comunicacao, avaliacao ou estado do PROTEUS."
"C:\Users\Guiuliano\SistemaAnaliseAgua\docs\adoption\FIRST_CONTACT_CANDIDATE.md","FIRST_CONTACT_CANDIDATE.md","INSTÂNCIA","SEM MIGRACAO: permanecer no repositorio PROTEUS","NO","Nenhuma dependencia documental explicita localizada no arquivo.","ALTO: arquivo fora do HEAD; preservar hash, contexto e cadeia de autoridade antes de qualquer copia.","P3","Titulo/conteudo: 'First Contact Candidate'; referencias verificadas: ICFACTORY=0, PROTEUS/CASE-01=3. O titulo, o dominio, as dependencias ou a finalidade descrevem arquitetura, operacao, comunicacao, avaliacao ou estado do PROTEUS."
"C:\Users\Guiuliano\SistemaAnaliseAgua\docs\adoption\FIRST_CONTACT_MESSAGE.md","FIRST_CONTACT_MESSAGE.md","INSTÂNCIA","SEM MIGRACAO: permanecer no repositorio PROTEUS","NO","Nenhuma dependencia documental explicita localizada no arquivo.","ALTO: arquivo fora do HEAD; preservar hash, contexto e cadeia de autoridade antes de qualquer copia.","P3","Titulo/conteudo: 'First Contact Message'; referencias verificadas: ICFACTORY=0, PROTEUS/CASE-01=4. O titulo, o dominio, as dependencias ou a finalidade descrevem arquitetura, operacao, comunicacao, avaliacao ou estado do PROTEUS."
"C:\Users\Guiuliano\SistemaAnaliseAgua\docs\adoption\FIRST_CONTACT_STRATEGY.md","FIRST_CONTACT_STRATEGY.md","INSTÂNCIA","SEM MIGRACAO: permanecer no repositorio PROTEUS","NO","Nenhuma dependencia documental explicita localizada no arquivo.","ALTO: arquivo fora do HEAD; preservar hash, contexto e cadeia de autoridade antes de qualquer copia.","P3","Titulo/conteudo: 'First Contact Strategy'; referencias verificadas: ICFACTORY=0, PROTEUS/CASE-01=2. O titulo, o dominio, as dependencias ou a finalidade descrevem arquitetura, operacao, comunicacao, avaliacao ou estado do PROTEUS."
"C:\Users\Guiuliano\SistemaAnaliseAgua\docs\adoption\PRESENTATION.md","PRESENTATION.md","INSTÂNCIA","SEM MIGRACAO: permanecer no repositorio PROTEUS","NO","Nenhuma dependencia documental explicita localizada no arquivo.","BAIXO PARA O FRAMEWORK: perda de contexto ocorreria apenas se o artefato da instancia fosse migrado isoladamente.","P3","Titulo/conteudo: 'Sistema De Análise De Água'; referencias verificadas: ICFACTORY=0, PROTEUS/CASE-01=4. O titulo, o dominio, as dependencias ou a finalidade descrevem arquitetura, operacao, comunicacao, avaliacao ou estado do PROTEUS."
"C:\Users\Guiuliano\SistemaAnaliseAgua\docs\adoption\QUICK_START.md","QUICK_START.md","INSTÂNCIA","SEM MIGRACAO: permanecer no repositorio PROTEUS","NO","Nenhuma dependencia documental explicita localizada no arquivo.","BAIXO PARA O FRAMEWORK: perda de contexto ocorreria apenas se o artefato da instancia fosse migrado isoladamente.","P3","Titulo/conteudo: 'Quick Start'; referencias verificadas: ICFACTORY=0, PROTEUS/CASE-01=2. O titulo, o dominio, as dependencias ou a finalidade descrevem arquitetura, operacao, comunicacao, avaliacao ou estado do PROTEUS."
"C:\Users\Guiuliano\SistemaAnaliseAgua\docs\adoption\USER_GUIDE.md","USER_GUIDE.md","INSTÂNCIA","SEM MIGRACAO: permanecer no repositorio PROTEUS","NO","Nenhuma dependencia documental explicita localizada no arquivo.","BAIXO PARA O FRAMEWORK: perda de contexto ocorreria apenas se o artefato da instancia fosse migrado isoladamente.","P3","Titulo/conteudo: 'User Guide'; referencias verificadas: ICFACTORY=0, PROTEUS/CASE-01=2. O titulo, o dominio, as dependencias ou a finalidade descrevem arquitetura, operacao, comunicacao, avaliacao ou estado do PROTEUS."
"C:\Users\Guiuliano\SistemaAnaliseAgua\docs\adoption\USER_TARGET_MAP.md","USER_TARGET_MAP.md","INSTÂNCIA","SEM MIGRACAO: permanecer no repositorio PROTEUS","NO","Nenhuma dependencia documental explicita localizada no arquivo.","ALTO: arquivo fora do HEAD; preservar hash, contexto e cadeia de autoridade antes de qualquer copia.","P3","Titulo/conteudo: 'User Target Map'; referencias verificadas: ICFACTORY=0, PROTEUS/CASE-01=2. O titulo, o dominio, as dependencias ou a finalidade descrevem arquitetura, operacao, comunicacao, avaliacao ou estado do PROTEUS."
"C:\Users\Guiuliano\SistemaAnaliseAgua\docs\architecture\AC_01_ARCHITECTURAL_CONSOLIDATION_AUDIT.md","AC_01_ARCHITECTURAL_CONSOLIDATION_AUDIT.md","INSTÂNCIA","SEM MIGRACAO: permanecer no repositorio PROTEUS","NO","docs/research/DISCOVERY_CATALOG.md; docs/governance/PROJECT_CONSTITUTION.md; docs/domain/GP_D09A_PROJECT_DOMAIN_SATURATION_AUDIT.md; docs/domain/GP_D10A_PROJECT_INSTANCE_AUDIT.md; docs/operational/OP_00_OPERATIONAL_SCOPE_BOUNDARY_AUDIT.md; docs/operational/OP_01_OPERATIONAL_INFORMATION_FLOW_AUDIT.md; e mais 5 referencias no proprio arquivo.","BAIXO PARA O FRAMEWORK: perda de contexto ocorreria apenas se o artefato da instancia fosse migrado isoladamente.","P3","Titulo/conteudo: 'AC-01 - Auditoria De Consolidacao Arquitetural'; referencias verificadas: ICFACTORY=3, PROTEUS/CASE-01=15. O titulo, o dominio, as dependencias ou a finalidade descrevem arquitetura, operacao, comunicacao, avaliacao ou estado do PROTEUS."
"C:\Users\Guiuliano\SistemaAnaliseAgua\docs\architecture\ARCHITECTURAL_PRINCIPLES.md","ARCHITECTURAL_PRINCIPLES.md","INSTÂNCIA","SEM MIGRACAO: permanecer no repositorio PROTEUS","NO","Nenhuma dependencia documental explicita localizada no arquivo.","BAIXO PARA O FRAMEWORK: perda de contexto ocorreria apenas se o artefato da instancia fosse migrado isoladamente.","P3","Titulo/conteudo: 'Princípios Arquiteturais'; referencias verificadas: ICFACTORY=1, PROTEUS/CASE-01=0. O titulo, o dominio, as dependencias ou a finalidade descrevem arquitetura, operacao, comunicacao, avaliacao ou estado do PROTEUS."
"C:\Users\Guiuliano\SistemaAnaliseAgua\docs\architecture\CASE01_GLOBAL_ARCHITECTURE_AUDIT.md","CASE01_GLOBAL_ARCHITECTURE_AUDIT.md","INSTÂNCIA","SEM MIGRACAO: permanecer no repositorio PROTEUS","NO","docs/architecture/INTEGRATION_AUDIT_REPORT.md; docs/architecture/EXECUTIVE_INTELLIGENCE_ARCHITECTURE.md; docs/research/GP_R02_VALUE_PROGRESSION_AUDIT.md; docs/research/GP_R03_EXECUTIVE_CONTEXT_AUDIT.md; docs/history/HISTORY.md; docs/roadmap/ROADMAP.md","BAIXO PARA O FRAMEWORK: perda de contexto ocorreria apenas se o artefato da instancia fosse migrado isoladamente.","P3","Titulo/conteudo: 'GP-A23 - Auditoria Arquitetural Global do CASE-01'; referencias verificadas: ICFACTORY=2, PROTEUS/CASE-01=5. O titulo, o dominio, as dependencias ou a finalidade descrevem arquitetura, operacao, comunicacao, avaliacao ou estado do PROTEUS."
"C:\Users\Guiuliano\SistemaAnaliseAgua\docs\architecture\EXECUTIVE_INTELLIGENCE_ARCHITECTURE.md","EXECUTIVE_INTELLIGENCE_ARCHITECTURE.md","INSTÂNCIA","SEM MIGRACAO: permanecer no repositorio PROTEUS","NO","Nenhuma dependencia documental explicita localizada no arquivo.","BAIXO PARA O FRAMEWORK: perda de contexto ocorreria apenas se o artefato da instancia fosse migrado isoladamente.","P3","Titulo/conteudo: 'GP-A22A - Arquitetura da Inteligencia Executiva Evolutiva'; referencias verificadas: ICFACTORY=0, PROTEUS/CASE-01=1. O titulo, o dominio, as dependencias ou a finalidade descrevem arquitetura, operacao, comunicacao, avaliacao ou estado do PROTEUS."
"C:\Users\Guiuliano\SistemaAnaliseAgua\docs\architecture\GP_A22E_EXECUTIVE_RECOMMENDATION_TRACEABILITY.md","GP_A22E_EXECUTIVE_RECOMMENDATION_TRACEABILITY.md","INSTÂNCIA","SEM MIGRACAO: permanecer no repositorio PROTEUS","NO","docs/architecture/GP_A22E_EXECUTIVE_RECOMMENDATION_TRACEABILITY.md; docs/history/HISTORY.md; docs/roadmap/ROADMAP.md","BAIXO PARA O FRAMEWORK: perda de contexto ocorreria apenas se o artefato da instancia fosse migrado isoladamente.","P3","Titulo/conteudo: 'GP-A22E - Rastreabilidade Das Recomendacoes Executivas'; referencias verificadas: ICFACTORY=1, PROTEUS/CASE-01=0. O titulo, o dominio, as dependencias ou a finalidade descrevem arquitetura, operacao, comunicacao, avaliacao ou estado do PROTEUS."
"C:\Users\Guiuliano\SistemaAnaliseAgua\docs\architecture\INTEGRATION_AUDIT_REPORT.md","INTEGRATION_AUDIT_REPORT.md","INSTÂNCIA","SEM MIGRACAO: permanecer no repositorio PROTEUS","NO","Nenhuma dependencia documental explicita localizada no arquivo.","BAIXO PARA O FRAMEWORK: perda de contexto ocorreria apenas se o artefato da instancia fosse migrado isoladamente.","P3","Titulo/conteudo: 'GP-A20 - Integração da Previsão Analítica com o Núcleo de Monitoramento Hídrico'; referencias verificadas: ICFACTORY=0, PROTEUS/CASE-01=0. O titulo, o dominio, as dependencias ou a finalidade descrevem arquitetura, operacao, comunicacao, avaliacao ou estado do PROTEUS."
"C:\Users\Guiuliano\SistemaAnaliseAgua\docs\architecture\PE_02_PA01_ARCHITECTURAL_AUDIT.md","PE_02_PA01_ARCHITECTURAL_AUDIT.md","INSTÂNCIA","SEM MIGRACAO: permanecer no repositorio PROTEUS","NO","docs/pac/PE_01_IMPLEMENTATION_EXECUTION_STRATEGY.md; docs/pac/PAC_14_PROJECT_EVOLUTION_PLAN.md; docs/pac/PAC_13_OFFICIAL_CONVERGENCE_CONSOLIDATION.md; docs/history/HISTORY.md; docs/roadmap/ROADMAP.md","BAIXO PARA O FRAMEWORK: perda de contexto ocorreria apenas se o artefato da instancia fosse migrado isoladamente.","P3","Titulo/conteudo: 'GP-PE-02 - Auditoria Arquitetural da PA-01'; referencias verificadas: ICFACTORY=2, PROTEUS/CASE-01=2. O titulo, o dominio, as dependencias ou a finalidade descrevem arquitetura, operacao, comunicacao, avaliacao ou estado do PROTEUS."
"C:\Users\Guiuliano\SistemaAnaliseAgua\docs\architecture\PE_03_PA01_IMPLEMENTATION_DECOMPOSITION.md","PE_03_PA01_IMPLEMENTATION_DECOMPOSITION.md","INSTÂNCIA","SEM MIGRACAO: permanecer no repositorio PROTEUS","NO","docs/architecture/PE_02_PA01_ARCHITECTURAL_AUDIT.md; docs/pac/PE_01_IMPLEMENTATION_EXECUTION_STRATEGY.md; docs/pac/PAC_14_PROJECT_EVOLUTION_PLAN.md; docs/pac/PAC_13_OFFICIAL_CONVERGENCE_CONSOLIDATION.md; docs/history/HISTORY.md; docs/roadmap/ROADMAP.md","BAIXO PARA O FRAMEWORK: perda de contexto ocorreria apenas se o artefato da instancia fosse migrado isoladamente.","P3","Titulo/conteudo: 'PE-03 - Decomposicao Executiva da PA-01 em Frentes de Implementacao'; referencias verificadas: ICFACTORY=1, PROTEUS/CASE-01=3. O titulo, o dominio, as dependencias ou a finalidade descrevem arquitetura, operacao, comunicacao, avaliacao ou estado do PROTEUS."
"C:\Users\Guiuliano\SistemaAnaliseAgua\docs\architecture\PE_04_PA01A_SEMANTIC_STATUS_GOVERNANCE.md","PE_04_PA01A_SEMANTIC_STATUS_GOVERNANCE.md","INSTÂNCIA","SEM MIGRACAO: permanecer no repositorio PROTEUS","NO","docs/architecture/PE_03_PA01_IMPLEMENTATION_DECOMPOSITION.md; docs/architecture/PE_02_PA01_ARCHITECTURAL_AUDIT.md; docs/pac/PE_01_IMPLEMENTATION_EXECUTION_STRATEGY.md; docs/pac/PAC_14_PROJECT_EVOLUTION_PLAN.md; docs/history/HISTORY.md; docs/roadmap/ROADMAP.md","BAIXO PARA O FRAMEWORK: perda de contexto ocorreria apenas se o artefato da instancia fosse migrado isoladamente.","P3","Titulo/conteudo: 'PE-04 - PA-01A - Governanca Semantica de Status'; referencias verificadas: ICFACTORY=0, PROTEUS/CASE-01=1. O titulo, o dominio, as dependencias ou a finalidade descrevem arquitetura, operacao, comunicacao, avaliacao ou estado do PROTEUS."
"C:\Users\Guiuliano\SistemaAnaliseAgua\docs\architecture\PE_05_PA01A_IMPLEMENTATION_AUDIT.md","PE_05_PA01A_IMPLEMENTATION_AUDIT.md","INSTÂNCIA","SEM MIGRACAO: permanecer no repositorio PROTEUS","NO","docs/architecture/PE_04_PA01A_SEMANTIC_STATUS_GOVERNANCE.md; docs/architecture/PE_03_PA01_IMPLEMENTATION_DECOMPOSITION.md; docs/architecture/PE_02_PA01_ARCHITECTURAL_AUDIT.md; docs/pac/PE_01_IMPLEMENTATION_EXECUTION_STRATEGY.md; docs/pac/PAC_14_PROJECT_EVOLUTION_PLAN.md; docs/history/HISTORY.md; e mais 1 referencias no proprio arquivo.","BAIXO PARA O FRAMEWORK: perda de contexto ocorreria apenas se o artefato da instancia fosse migrado isoladamente.","P3","Titulo/conteudo: 'PE-05 - Auditoria Pos-Implementacao da PA-01A'; referencias verificadas: ICFACTORY=3, PROTEUS/CASE-01=2. O titulo, o dominio, as dependencias ou a finalidade descrevem arquitetura, operacao, comunicacao, avaliacao ou estado do PROTEUS."
"C:\Users\Guiuliano\SistemaAnaliseAgua\docs\architecture\PE_06_PA01B_ARCHITECTURAL_AUDIT.md","PE_06_PA01B_ARCHITECTURAL_AUDIT.md","INSTÂNCIA","SEM MIGRACAO: permanecer no repositorio PROTEUS","NO","docs/architecture/PE_03_PA01_IMPLEMENTATION_DECOMPOSITION.md; docs/architecture/PE_02_PA01_ARCHITECTURAL_AUDIT.md; docs/architecture/PE_05_PA01A_IMPLEMENTATION_AUDIT.md; docs/pac/PE_01_IMPLEMENTATION_EXECUTION_STRATEGY.md; docs/pac/PAC_14_PROJECT_EVOLUTION_PLAN.md","BAIXO PARA O FRAMEWORK: perda de contexto ocorreria apenas se o artefato da instancia fosse migrado isoladamente.","P3","Titulo/conteudo: 'PE-06 - Auditoria Arquitetural da PA-01B'; referencias verificadas: ICFACTORY=1, PROTEUS/CASE-01=0. O titulo, o dominio, as dependencias ou a finalidade descrevem arquitetura, operacao, comunicacao, avaliacao ou estado do PROTEUS."
"C:\Users\Guiuliano\SistemaAnaliseAgua\docs\architecture\PE_07_PA01B_DASHBOARD_ANALYTICS_DECOUPLING.md","PE_07_PA01B_DASHBOARD_ANALYTICS_DECOUPLING.md","INSTÂNCIA","SEM MIGRACAO: permanecer no repositorio PROTEUS","NO","docs/architecture/PE_06_PA01B_ARCHITECTURAL_AUDIT.md; docs/architecture/PE_03_PA01_IMPLEMENTATION_DECOMPOSITION.md; docs/architecture/PE_02_PA01_ARCHITECTURAL_AUDIT.md; docs/architecture/PE_05_PA01A_IMPLEMENTATION_AUDIT.md; docs/pac/PE_01_IMPLEMENTATION_EXECUTION_STRATEGY.md; docs/pac/PAC_14_PROJECT_EVOLUTION_PLAN.md; e mais 3 referencias no proprio arquivo.","BAIXO PARA O FRAMEWORK: perda de contexto ocorreria apenas se o artefato da instancia fosse migrado isoladamente.","P3","Titulo/conteudo: 'PE-07 - Implementacao da PA-01B'; referencias verificadas: ICFACTORY=2, PROTEUS/CASE-01=1. O titulo, o dominio, as dependencias ou a finalidade descrevem arquitetura, operacao, comunicacao, avaliacao ou estado do PROTEUS."
"C:\Users\Guiuliano\SistemaAnaliseAgua\docs\architecture\PE_08_PA01B_POST_IMPLEMENTATION_AUDIT.md","PE_08_PA01B_POST_IMPLEMENTATION_AUDIT.md","INSTÂNCIA","SEM MIGRACAO: permanecer no repositorio PROTEUS","NO","docs/architecture/PE_06_PA01B_ARCHITECTURAL_AUDIT.md; docs/architecture/PE_07_PA01B_DASHBOARD_ANALYTICS_DECOUPLING.md; docs/architecture/PE_05_PA01A_IMPLEMENTATION_AUDIT.md; docs/architecture/PE_03_PA01_IMPLEMENTATION_DECOMPOSITION.md; docs/history/HISTORY.md; docs/roadmap/ROADMAP.md; e mais 1 referencias no proprio arquivo.","BAIXO PARA O FRAMEWORK: perda de contexto ocorreria apenas se o artefato da instancia fosse migrado isoladamente.","P3","Titulo/conteudo: 'PE-08 - Auditoria Pos-Implementacao da PA-01B'; referencias verificadas: ICFACTORY=2, PROTEUS/CASE-01=0. O titulo, o dominio, as dependencias ou a finalidade descrevem arquitetura, operacao, comunicacao, avaliacao ou estado do PROTEUS."
"C:\Users\Guiuliano\SistemaAnaliseAgua\docs\architecture\PE_09_PA01C_LIST_CENTRALIZATION_AUDIT.md","PE_09_PA01C_LIST_CENTRALIZATION_AUDIT.md","INSTÂNCIA","SEM MIGRACAO: permanecer no repositorio PROTEUS","NO","docs/architecture/PE_02_PA01_ARCHITECTURAL_AUDIT.md; docs/architecture/PE_03_PA01_IMPLEMENTATION_DECOMPOSITION.md; docs/architecture/PE_05_PA01A_IMPLEMENTATION_AUDIT.md; docs/architecture/PE_06_PA01B_ARCHITECTURAL_AUDIT.md; docs/architecture/PE_07_PA01B_DASHBOARD_ANALYTICS_DECOUPLING.md; docs/architecture/PE_08_PA01B_POST_IMPLEMENTATION_AUDIT.md; e mais 4 referencias no proprio arquivo.","BAIXO PARA O FRAMEWORK: perda de contexto ocorreria apenas se o artefato da instancia fosse migrado isoladamente.","P3","Titulo/conteudo: 'PE-09 - Auditoria Arquitetural da PA-01C'; referencias verificadas: ICFACTORY=1, PROTEUS/CASE-01=3. O titulo, o dominio, as dependencias ou a finalidade descrevem arquitetura, operacao, comunicacao, avaliacao ou estado do PROTEUS."
"C:\Users\Guiuliano\SistemaAnaliseAgua\docs\architecture\PE_10_PA01C_LIST_CENTRALIZATION_IMPLEMENTATION.md","PE_10_PA01C_LIST_CENTRALIZATION_IMPLEMENTATION.md","INSTÂNCIA","SEM MIGRACAO: permanecer no repositorio PROTEUS","NO","docs/architecture/PE_09_PA01C_LIST_CENTRALIZATION_AUDIT.md; docs/architecture/PE_08_PA01B_POST_IMPLEMENTATION_AUDIT.md; docs/architecture/PE_07_PA01B_DASHBOARD_ANALYTICS_DECOUPLING.md; docs/architecture/PE_06_PA01B_ARCHITECTURAL_AUDIT.md; docs/architecture/PE_05_PA01A_IMPLEMENTATION_AUDIT.md; docs/architecture/PE_04_PA01A_SEMANTIC_STATUS_GOVERNANCE.md; e mais 7 referencias no proprio arquivo.","BAIXO PARA O FRAMEWORK: perda de contexto ocorreria apenas se o artefato da instancia fosse migrado isoladamente.","P3","Titulo/conteudo: 'PE-10 - Implementacao da PA-01C'; referencias verificadas: ICFACTORY=1, PROTEUS/CASE-01=3. O titulo, o dominio, as dependencias ou a finalidade descrevem arquitetura, operacao, comunicacao, avaliacao ou estado do PROTEUS."
"C:\Users\Guiuliano\SistemaAnaliseAgua\docs\architecture\PE_11_PA01C_POST_IMPLEMENTATION_AUDIT.md","PE_11_PA01C_POST_IMPLEMENTATION_AUDIT.md","INSTÂNCIA","SEM MIGRACAO: permanecer no repositorio PROTEUS","NO","docs/architecture/PE_02_PA01_ARCHITECTURAL_AUDIT.md; docs/architecture/PE_03_PA01_IMPLEMENTATION_DECOMPOSITION.md; docs/architecture/PE_05_PA01A_IMPLEMENTATION_AUDIT.md; docs/architecture/PE_06_PA01B_ARCHITECTURAL_AUDIT.md; docs/architecture/PE_07_PA01B_DASHBOARD_ANALYTICS_DECOUPLING.md; docs/architecture/PE_08_PA01B_POST_IMPLEMENTATION_AUDIT.md; e mais 6 referencias no proprio arquivo.","BAIXO PARA O FRAMEWORK: perda de contexto ocorreria apenas se o artefato da instancia fosse migrado isoladamente.","P3","Titulo/conteudo: 'PE-11 - Auditoria Pos-Implementacao da PA-01C'; referencias verificadas: ICFACTORY=3, PROTEUS/CASE-01=3. O titulo, o dominio, as dependencias ou a finalidade descrevem arquitetura, operacao, comunicacao, avaliacao ou estado do PROTEUS."
"C:\Users\Guiuliano\SistemaAnaliseAgua\docs\architecture\PE_12_PA01D_CONTROLLED_REEVALUATION_AUDIT.md","PE_12_PA01D_CONTROLLED_REEVALUATION_AUDIT.md","INSTÂNCIA","SEM MIGRACAO: permanecer no repositorio PROTEUS","NO","docs/architecture/PE_03_PA01_IMPLEMENTATION_DECOMPOSITION.md; docs/architecture/PE_05_PA01A_IMPLEMENTATION_AUDIT.md; docs/architecture/PE_08_PA01B_POST_IMPLEMENTATION_AUDIT.md; docs/architecture/PE_11_PA01C_POST_IMPLEMENTATION_AUDIT.md; docs/pac/PE_01_IMPLEMENTATION_EXECUTION_STRATEGY.md; docs/pac/PAC_14_PROJECT_EVOLUTION_PLAN.md; e mais 2 referencias no proprio arquivo.","BAIXO PARA O FRAMEWORK: perda de contexto ocorreria apenas se o artefato da instancia fosse migrado isoladamente.","P3","Titulo/conteudo: 'PE-12 - Auditoria Arquitetural da PA-01D'; referencias verificadas: ICFACTORY=3, PROTEUS/CASE-01=3. O titulo, o dominio, as dependencias ou a finalidade descrevem arquitetura, operacao, comunicacao, avaliacao ou estado do PROTEUS."
"C:\Users\Guiuliano\SistemaAnaliseAgua\docs\architecture\PE_13_PA01D_CONTROLLED_REEVALUATION_IMPLEMENTATION.md","PE_13_PA01D_CONTROLLED_REEVALUATION_IMPLEMENTATION.md","INSTÂNCIA","SEM MIGRACAO: permanecer no repositorio PROTEUS","NO","docs/architecture/PE_12_PA01D_CONTROLLED_REEVALUATION_AUDIT.md; docs/architecture/PE_11_PA01C_POST_IMPLEMENTATION_AUDIT.md; docs/architecture/PE_08_PA01B_POST_IMPLEMENTATION_AUDIT.md; docs/architecture/PE_05_PA01A_IMPLEMENTATION_AUDIT.md; docs/architecture/PE_03_PA01_IMPLEMENTATION_DECOMPOSITION.md; docs/pac/PE_01_IMPLEMENTATION_EXECUTION_STRATEGY.md; e mais 4 referencias no proprio arquivo.","BAIXO PARA O FRAMEWORK: perda de contexto ocorreria apenas se o artefato da instancia fosse migrado isoladamente.","P3","Titulo/conteudo: 'PE-13 - Implementacao da PA-01D'; referencias verificadas: ICFACTORY=2, PROTEUS/CASE-01=3. O titulo, o dominio, as dependencias ou a finalidade descrevem arquitetura, operacao, comunicacao, avaliacao ou estado do PROTEUS."
"C:\Users\Guiuliano\SistemaAnaliseAgua\docs\architecture\PE_14_PA01D_POST_IMPLEMENTATION_AUDIT.md","PE_14_PA01D_POST_IMPLEMENTATION_AUDIT.md","INSTÂNCIA","SEM MIGRACAO: permanecer no repositorio PROTEUS","NO","docs/architecture/PE_13_PA01D_CONTROLLED_REEVALUATION_IMPLEMENTATION.md; docs/history/HISTORY.md; docs/roadmap/ROADMAP.md","BAIXO PARA O FRAMEWORK: perda de contexto ocorreria apenas se o artefato da instancia fosse migrado isoladamente.","P3","Titulo/conteudo: 'PE-14 - Auditoria Pos-Implementacao da PA-01D'; referencias verificadas: ICFACTORY=1, PROTEUS/CASE-01=2. O titulo, o dominio, as dependencias ou a finalidade descrevem arquitetura, operacao, comunicacao, avaliacao ou estado do PROTEUS."
"C:\Users\Guiuliano\SistemaAnaliseAgua\docs\architecture\PE_15_PA01E_COMMUNICATION_GUARDRAILS_AUDIT.md","PE_15_PA01E_COMMUNICATION_GUARDRAILS_AUDIT.md","INSTÂNCIA","SEM MIGRACAO: permanecer no repositorio PROTEUS","NO","Nenhuma dependencia documental explicita localizada no arquivo.","BAIXO PARA O FRAMEWORK: perda de contexto ocorreria apenas se o artefato da instancia fosse migrado isoladamente.","P3","Titulo/conteudo: 'PE-15 - Auditoria Arquitetural da PA-01E'; referencias verificadas: ICFACTORY=2, PROTEUS/CASE-01=3. O titulo, o dominio, as dependencias ou a finalidade descrevem arquitetura, operacao, comunicacao, avaliacao ou estado do PROTEUS."
"C:\Users\Guiuliano\SistemaAnaliseAgua\docs\architecture\PE_16_PA01E_COMMUNICATION_GUARDRAILS_IMPLEMENTATION.md","PE_16_PA01E_COMMUNICATION_GUARDRAILS_IMPLEMENTATION.md","INSTÂNCIA","SEM MIGRACAO: permanecer no repositorio PROTEUS","NO","docs/architecture/PE_15_PA01E_COMMUNICATION_GUARDRAILS_AUDIT.md; docs/architecture/PE_16_PA01E_COMMUNICATION_GUARDRAILS_IMPLEMENTATION.md; docs/history/HISTORY.md; docs/roadmap/ROADMAP.md","BAIXO PARA O FRAMEWORK: perda de contexto ocorreria apenas se o artefato da instancia fosse migrado isoladamente.","P3","Titulo/conteudo: 'PE-16 — Implementação da PA-01E — Guardrails Obrigatórios de Comunicação'; referencias verificadas: ICFACTORY=1, PROTEUS/CASE-01=0. O titulo, o dominio, as dependencias ou a finalidade descrevem arquitetura, operacao, comunicacao, avaliacao ou estado do PROTEUS."
"C:\Users\Guiuliano\SistemaAnaliseAgua\docs\architecture\PE_17_PA01E_COMMUNICATION_GUARDRAILS_EFFECTIVENESS_AUDIT.md","PE_17_PA01E_COMMUNICATION_GUARDRAILS_EFFECTIVENESS_AUDIT.md","INSTÂNCIA","SEM MIGRACAO: permanecer no repositorio PROTEUS","NO","docs/architecture/PE_15_PA01E_COMMUNICATION_GUARDRAILS_AUDIT.md; docs/architecture/PE_16_PA01E_COMMUNICATION_GUARDRAILS_IMPLEMENTATION.md","BAIXO PARA O FRAMEWORK: perda de contexto ocorreria apenas se o artefato da instancia fosse migrado isoladamente.","P3","Titulo/conteudo: 'PE-17 — Auditoria de Efetividade dos Guardrails de Comunicação da PA-01E'; referencias verificadas: ICFACTORY=0, PROTEUS/CASE-01=0. O titulo, o dominio, as dependencias ou a finalidade descrevem arquitetura, operacao, comunicacao, avaliacao ou estado do PROTEUS."
"C:\Users\Guiuliano\SistemaAnaliseAgua\docs\architecture\PE_22_WAVE_B_ELIGIBILITY_AUDIT.md","PE_22_WAVE_B_ELIGIBILITY_AUDIT.md","INSTÂNCIA","SEM MIGRACAO: permanecer no repositorio PROTEUS","NO","docs/governance/PROJECT_CONSTITUTION.md; docs/governance/PAC_CONSTITUTION.md; docs/pac/PAC_14_PROJECT_EVOLUTION_PLAN.md; docs/pac/PE_01_IMPLEMENTATION_EXECUTION_STRATEGY.md; docs/history/HISTORY.md; docs/roadmap/ROADMAP.md; e mais 7 referencias no proprio arquivo.","BAIXO PARA O FRAMEWORK: perda de contexto ocorreria apenas se o artefato da instancia fosse migrado isoladamente.","P3","Titulo/conteudo: 'GP-PE-22 - Auditoria De Elegibilidade Da Onda B'; referencias verificadas: ICFACTORY=6, PROTEUS/CASE-01=6. O titulo, o dominio, as dependencias ou a finalidade descrevem arquitetura, operacao, comunicacao, avaliacao ou estado do PROTEUS."
"C:\Users\Guiuliano\SistemaAnaliseAgua\docs\architecture\PE_23_TECHNICAL_ASSET_INVENTORY.md","PE_23_TECHNICAL_ASSET_INVENTORY.md","INSTÂNCIA","SEM MIGRACAO: permanecer no repositorio PROTEUS","NO","docs/architecture/PE_05_PA01A_IMPLEMENTATION_AUDIT.md; docs/architecture/PE_08_PA01B_POST_IMPLEMENTATION_AUDIT.md; docs/architecture/PE_11_PA01C_POST_IMPLEMENTATION_AUDIT.md; docs/architecture/PE_14_PA01D_POST_IMPLEMENTATION_AUDIT.md; docs/pac/PAC_12A_FINAL_COLLECTION_AUDIT.md; docs/history/HISTORY.md; e mais 11 referencias no proprio arquivo.","BAIXO PARA O FRAMEWORK: perda de contexto ocorreria apenas se o artefato da instancia fosse migrado isoladamente.","P3","Titulo/conteudo: 'GP-PE-23 - Inventario E Classificacao Do Acervo Tecnico Do PROTEUS'; referencias verificadas: ICFACTORY=2, PROTEUS/CASE-01=26. O titulo, o dominio, as dependencias ou a finalidade descrevem arquitetura, operacao, comunicacao, avaliacao ou estado do PROTEUS."
"C:\Users\Guiuliano\SistemaAnaliseAgua\docs\architecture\PE_24_PATRIMONIAL_PROMOTION_PLAN.md","PE_24_PATRIMONIAL_PROMOTION_PLAN.md","INSTÂNCIA","SEM MIGRACAO: permanecer no repositorio PROTEUS","NO","docs/architecture/PE_22_WAVE_B_ELIGIBILITY_AUDIT.md; docs/architecture/PE_23_TECHNICAL_ASSET_INVENTORY.md; docs/history/HISTORY.md; docs/roadmap/ROADMAP.md","BAIXO PARA O FRAMEWORK: perda de contexto ocorreria apenas se o artefato da instancia fosse migrado isoladamente.","P3","Titulo/conteudo: 'GP-PE-24 - Plano Oficial De Promocao Patrimonial Do Acervo Tecnico'; referencias verificadas: ICFACTORY=5, PROTEUS/CASE-01=0. O titulo, o dominio, as dependencias ou a finalidade descrevem arquitetura, operacao, comunicacao, avaliacao ou estado do PROTEUS."
"C:\Users\Guiuliano\SistemaAnaliseAgua\docs\architecture\PE_25_LOT01_PROMOTION_EXECUTION.md","PE_25_LOT01_PROMOTION_EXECUTION.md","INSTÂNCIA","SEM MIGRACAO: permanecer no repositorio PROTEUS","NO","docs/architecture/PE_22_WAVE_B_ELIGIBILITY_AUDIT.md; docs/architecture/PE_23_TECHNICAL_ASSET_INVENTORY.md; docs/architecture/PE_24_PATRIMONIAL_PROMOTION_PLAN.md; docs/history/HISTORY.md; docs/roadmap/ROADMAP.md","BAIXO PARA O FRAMEWORK: perda de contexto ocorreria apenas se o artefato da instancia fosse migrado isoladamente.","P3","Titulo/conteudo: 'GP-PE-25 — Execucao Do Lote 01 De Promocao Patrimonial'; referencias verificadas: ICFACTORY=2, PROTEUS/CASE-01=0. O titulo, o dominio, as dependencias ou a finalidade descrevem arquitetura, operacao, comunicacao, avaliacao ou estado do PROTEUS."
"C:\Users\Guiuliano\SistemaAnaliseAgua\docs\branding\BRAND_GUIDELINES.md","BRAND_GUIDELINES.md","INSTÂNCIA","SEM MIGRACAO: permanecer no repositorio PROTEUS","NO","docs/branding/COLOR_PALETTE.md; docs/branding/TYPOGRAPHY.md; docs/branding/LOGO_USAGE.md; docs/branding/APPLICATIONS.md; docs/research/DISCOVERY_CATALOG.md","BAIXO PARA O FRAMEWORK: perda de contexto ocorreria apenas se o artefato da instancia fosse migrado isoladamente.","P3","Titulo/conteudo: 'Manual Oficial De Identidade Visual Do PROTEUS'; referencias verificadas: ICFACTORY=3, PROTEUS/CASE-01=29. O titulo, o dominio, as dependencias ou a finalidade descrevem arquitetura, operacao, comunicacao, avaliacao ou estado do PROTEUS."
"C:\Users\Guiuliano\SistemaAnaliseAgua\docs\domain\GP_D01A_MONITORING_PROJECT_DOMAIN_AUDIT.md","GP_D01A_MONITORING_PROJECT_DOMAIN_AUDIT.md","INSTÂNCIA","SEM MIGRACAO: permanecer no repositorio PROTEUS","NO","docs/governance/PROJECT_CONSTITUTION.md; docs/architecture/CASE01_GLOBAL_ARCHITECTURE_AUDIT.md; docs/architecture/INTEGRATION_AUDIT_REPORT.md; docs/research/GP_R02_VALUE_PROGRESSION_AUDIT.md; docs/research/GP_R03_EXECUTIVE_CONTEXT_AUDIT.md; docs/history/HISTORY.md; e mais 1 referencias no proprio arquivo.","BAIXO PARA O FRAMEWORK: perda de contexto ocorreria apenas se o artefato da instancia fosse migrado isoladamente.","P3","Titulo/conteudo: 'GP-D01A - Auditoria do Modelo de Projeto de Monitoramento'; referencias verificadas: ICFACTORY=1, PROTEUS/CASE-01=1. O titulo, o dominio, as dependencias ou a finalidade descrevem arquitetura, operacao, comunicacao, avaliacao ou estado do PROTEUS."
"C:\Users\Guiuliano\SistemaAnaliseAgua\docs\domain\GP_D01C_PERSISTENCE_STRATEGY_AUDIT.md","GP_D01C_PERSISTENCE_STRATEGY_AUDIT.md","INSTÂNCIA","SEM MIGRACAO: permanecer no repositorio PROTEUS","NO","Nenhuma dependencia documental explicita localizada no arquivo.","ALTO: arquivo fora do HEAD; preservar hash, contexto e cadeia de autoridade antes de qualquer copia.","P3","Titulo/conteudo: 'GP-D01C-A - Auditoria da Estrategia de Persistencia Medicao -> Projeto'; referencias verificadas: ICFACTORY=1, PROTEUS/CASE-01=1. O titulo, o dominio, as dependencias ou a finalidade descrevem arquitetura, operacao, comunicacao, avaliacao ou estado do PROTEUS."
"C:\Users\Guiuliano\SistemaAnaliseAgua\docs\domain\GP_D03A_MONITORING_PROJECT_LIFECYCLE_AUDIT.md","GP_D03A_MONITORING_PROJECT_LIFECYCLE_AUDIT.md","INSTÂNCIA","SEM MIGRACAO: permanecer no repositorio PROTEUS","NO","docs/architecture/CASE01_GLOBAL_ARCHITECTURE_AUDIT.md; docs/architecture/INTEGRATION_AUDIT_REPORT.md; docs/domain/GP_D01A_MONITORING_PROJECT_DOMAIN_AUDIT.md; docs/domain/GP_D01C_PERSISTENCE_STRATEGY_AUDIT.md; docs/domain/GP_D02A_OPERATIONAL_CONTEXT_AUDIT.md; docs/research/DISCOVERY_CATALOG.md","BAIXO PARA O FRAMEWORK: perda de contexto ocorreria apenas se o artefato da instancia fosse migrado isoladamente.","P3","Titulo/conteudo: 'GP-D03A - Auditoria do Ciclo de Vida do Projeto de Monitoramento'; referencias verificadas: ICFACTORY=1, PROTEUS/CASE-01=6. O titulo, o dominio, as dependencias ou a finalidade descrevem arquitetura, operacao, comunicacao, avaliacao ou estado do PROTEUS."
"C:\Users\Guiuliano\SistemaAnaliseAgua\docs\domain\GP_D03B_LIFECYCLE_REMARKS_AUDIT.md","GP_D03B_LIFECYCLE_REMARKS_AUDIT.md","INSTÂNCIA","SEM MIGRACAO: permanecer no repositorio PROTEUS","NO","docs/research/DISCOVERY_CATALOG.md","BAIXO PARA O FRAMEWORK: perda de contexto ocorreria apenas se o artefato da instancia fosse migrado isoladamente.","P3","Titulo/conteudo: 'GP-D03B - Auditoria Das Ressalvas Do Ciclo De Vida'; referencias verificadas: ICFACTORY=1, PROTEUS/CASE-01=5. O titulo, o dominio, as dependencias ou a finalidade descrevem arquitetura, operacao, comunicacao, avaliacao ou estado do PROTEUS."
"C:\Users\Guiuliano\SistemaAnaliseAgua\docs\domain\GP_D03C_LIFECYCLE_REMARKS_PRIORITY.md","GP_D03C_LIFECYCLE_REMARKS_PRIORITY.md","INSTÂNCIA","SEM MIGRACAO: permanecer no repositorio PROTEUS","NO","docs/domain/GP_D03B_LIFECYCLE_REMARKS_AUDIT.md; docs/research/DISCOVERY_CATALOG.md","BAIXO PARA O FRAMEWORK: perda de contexto ocorreria apenas se o artefato da instancia fosse migrado isoladamente.","P3","Titulo/conteudo: 'GP-D03C - Priorizacao Das Ressalvas Do Ciclo De Vida'; referencias verificadas: ICFACTORY=1, PROTEUS/CASE-01=4. O titulo, o dominio, as dependencias ou a finalidade descrevem arquitetura, operacao, comunicacao, avaliacao ou estado do PROTEUS."
"C:\Users\Guiuliano\SistemaAnaliseAgua\docs\domain\GP_D07A_PROJECT_INSTITUTIONAL_EVENTS_AUDIT.md","GP_D07A_PROJECT_INSTITUTIONAL_EVENTS_AUDIT.md","INSTÂNCIA","SEM MIGRACAO: permanecer no repositorio PROTEUS","NO","docs/research/DISCOVERY_CATALOG.md","BAIXO PARA O FRAMEWORK: perda de contexto ocorreria apenas se o artefato da instancia fosse migrado isoladamente.","P3","Titulo/conteudo: 'GP-D07A - Auditoria Dos Eventos Institucionais Do Projeto'; referencias verificadas: ICFACTORY=5, PROTEUS/CASE-01=0. O titulo, o dominio, as dependencias ou a finalidade descrevem arquitetura, operacao, comunicacao, avaliacao ou estado do PROTEUS."
"C:\Users\Guiuliano\SistemaAnaliseAgua\docs\domain\GP_D08A_PROJECT_OBJECTIVES_RESULTS_AUDIT.md","GP_D08A_PROJECT_OBJECTIVES_RESULTS_AUDIT.md","INSTÂNCIA","SEM MIGRACAO: permanecer no repositorio PROTEUS","NO","docs/research/DISCOVERY_CATALOG.md","BAIXO PARA O FRAMEWORK: perda de contexto ocorreria apenas se o artefato da instancia fosse migrado isoladamente.","P3","Titulo/conteudo: 'GP-D08A - Auditoria Dos Objetivos E Resultados Do Projeto'; referencias verificadas: ICFACTORY=5, PROTEUS/CASE-01=0. O titulo, o dominio, as dependencias ou a finalidade descrevem arquitetura, operacao, comunicacao, avaliacao ou estado do PROTEUS."
"C:\Users\Guiuliano\SistemaAnaliseAgua\docs\domain\GP_D09A_PROJECT_DOMAIN_SATURATION_AUDIT.md","GP_D09A_PROJECT_DOMAIN_SATURATION_AUDIT.md","INSTÂNCIA","SEM MIGRACAO: permanecer no repositorio PROTEUS","NO","docs/research/DISCOVERY_CATALOG.md","BAIXO PARA O FRAMEWORK: perda de contexto ocorreria apenas se o artefato da instancia fosse migrado isoladamente.","P3","Titulo/conteudo: 'GP-D09A - Auditoria De Saturacao Do Dominio Do Projeto'; referencias verificadas: ICFACTORY=4, PROTEUS/CASE-01=6. O titulo, o dominio, as dependencias ou a finalidade descrevem arquitetura, operacao, comunicacao, avaliacao ou estado do PROTEUS."
"C:\Users\Guiuliano\SistemaAnaliseAgua\docs\domain\GP_D10A_PROJECT_INSTANCE_AUDIT.md","GP_D10A_PROJECT_INSTANCE_AUDIT.md","INSTÂNCIA","SEM MIGRACAO: permanecer no repositorio PROTEUS","NO","docs/research/DISCOVERY_CATALOG.md","BAIXO PARA O FRAMEWORK: perda de contexto ocorreria apenas se o artefato da instancia fosse migrado isoladamente.","P3","Titulo/conteudo: 'GP-D10A - Auditoria Das Instancias Do Dominio Projeto'; referencias verificadas: ICFACTORY=4, PROTEUS/CASE-01=6. O titulo, o dominio, as dependencias ou a finalidade descrevem arquitetura, operacao, comunicacao, avaliacao ou estado do PROTEUS."
"C:\Users\Guiuliano\SistemaAnaliseAgua\docs\governance\PAC_CONSTITUTION.md","PAC_CONSTITUTION.md","UNIVERSAL","PROVISORIO (sujeito a GP posterior): docs/governance/PAC_CONSTITUTION.md","NO","Constituicao e Lexico Constitucional do ICFACTORY (referenciados; arquivos nao localizados)","ALTO: arquivo fora do HEAD; preservar hash, contexto e cadeia de autoridade antes de qualquer copia.","P0","Titulo/conteudo: 'CONSTITUICAO DO PROGRAMA DE AVALIACAO CRUZADA'; referencias verificadas: ICFACTORY=13, PROTEUS/CASE-01=0. Define programa aplicavel a projetos ICFACTORY, papeis, ciclo, classificacoes e integracao; nao identifica dominio PROTEUS."
"C:\Users\Guiuliano\SistemaAnaliseAgua\docs\governance\PROJECT_CONSTITUTION.md","PROJECT_CONSTITUTION.md","HÍBRIDO","A DEFINIR apos divisao; candidato universal a ser extraido para area equivalente a docs/governance/PROJECT_CONSTITUTION.md","YES","Constituicao do ICFACTORY (referenciada; arquivo nao localizado)","ALTO: copia integral contaminaria o framework; extracao sem dependencias perderia contexto.","P2","Titulo/conteudo: 'CONSTITUIÇÃO DO PROJETO'; referencias verificadas: ICFACTORY=3, PROTEUS/CASE-01=2. Combina principios atribuidos a Constituicao ICFACTORY com nome, responsavel, dominio, missao e criterios do projeto de agua."
"C:\Users\Guiuliano\SistemaAnaliseAgua\docs\history\HISTORY.md","HISTORY.md","HÍBRIDO","A DEFINIR apos divisao; candidato universal a ser extraido para area equivalente a docs/history/HISTORY.md","YES","docs/research/PHASE_I_CONSOLIDATED_REPORT.md; docs/research/GIT_PENDING_STATE_AUDIT.md; docs/research/OEG_GIT_04_PUSH_AUTHORIZATION_AUDIT.md; docs/research/OEG_GIT_05_PUSH_EXECUTION_REPORT.md; docs/history/HISTORY.md; docs/roadmap/ROADMAP.md; e mais 127 referencias no proprio arquivo.","ALTO: copia integral contaminaria o framework; extracao sem dependencias perderia contexto.","P2","Titulo/conteudo: 'HISTORY'; referencias verificadas: ICFACTORY=51, PROTEUS/CASE-01=137. Agrega registros metodologicos ICFACTORY e cronologia/planejamento operacional do PROTEUS no mesmo arquivo."
"C:\Users\Guiuliano\SistemaAnaliseAgua\docs\institutional\INSTITUTIONAL_PRESENTATION.md","INSTITUTIONAL_PRESENTATION.md","INSTÂNCIA","SEM MIGRACAO: permanecer no repositorio PROTEUS","NO","Nenhuma dependencia documental explicita localizada no arquivo.","BAIXO PARA O FRAMEWORK: perda de contexto ocorreria apenas se o artefato da instancia fosse migrado isoladamente.","P3","Titulo/conteudo: 'Apresentacao Institucional Do PROTEUS'; referencias verificadas: ICFACTORY=2, PROTEUS/CASE-01=9. O titulo, o dominio, as dependencias ou a finalidade descrevem arquitetura, operacao, comunicacao, avaliacao ou estado do PROTEUS."
"C:\Users\Guiuliano\SistemaAnaliseAgua\docs\institutional\ONE_PAGE.md","ONE_PAGE.md","INSTÂNCIA","SEM MIGRACAO: permanecer no repositorio PROTEUS","NO","Nenhuma dependencia documental explicita localizada no arquivo.","BAIXO PARA O FRAMEWORK: perda de contexto ocorreria apenas se o artefato da instancia fosse migrado isoladamente.","P3","Titulo/conteudo: 'PROTEUS - One Page Institucional'; referencias verificadas: ICFACTORY=1, PROTEUS/CASE-01=3. O titulo, o dominio, as dependencias ou a finalidade descrevem arquitetura, operacao, comunicacao, avaliacao ou estado do PROTEUS."
"C:\Users\Guiuliano\SistemaAnaliseAgua\docs\institutional\TECHNICAL_DATASHEET.md","TECHNICAL_DATASHEET.md","INSTÂNCIA","SEM MIGRACAO: permanecer no repositorio PROTEUS","NO","Nenhuma dependencia documental explicita localizada no arquivo.","BAIXO PARA O FRAMEWORK: perda de contexto ocorreria apenas se o artefato da instancia fosse migrado isoladamente.","P3","Titulo/conteudo: 'Ficha Tecnica Do PROTEUS'; referencias verificadas: ICFACTORY=1, PROTEUS/CASE-01=4. O titulo, o dominio, as dependencias ou a finalidade descrevem arquitetura, operacao, comunicacao, avaliacao ou estado do PROTEUS."
"C:\Users\Guiuliano\SistemaAnaliseAgua\docs\operational\OP_00_OPERATIONAL_SCOPE_BOUNDARY_AUDIT.md","OP_00_OPERATIONAL_SCOPE_BOUNDARY_AUDIT.md","INSTÂNCIA","SEM MIGRACAO: permanecer no repositorio PROTEUS","NO","docs/research/DISCOVERY_CATALOG.md","BAIXO PARA O FRAMEWORK: perda de contexto ocorreria apenas se o artefato da instancia fosse migrado isoladamente.","P3","Titulo/conteudo: 'OP-00 - Auditoria De Delimitacao Do Escopo Operacional'; referencias verificadas: ICFACTORY=4, PROTEUS/CASE-01=47. O titulo, o dominio, as dependencias ou a finalidade descrevem arquitetura, operacao, comunicacao, avaliacao ou estado do PROTEUS."
"C:\Users\Guiuliano\SistemaAnaliseAgua\docs\operational\OP_01_OPERATIONAL_INFORMATION_FLOW_AUDIT.md","OP_01_OPERATIONAL_INFORMATION_FLOW_AUDIT.md","INSTÂNCIA","SEM MIGRACAO: permanecer no repositorio PROTEUS","NO","docs/operational/OP_00_OPERATIONAL_SCOPE_BOUNDARY_AUDIT.md; docs/research/DISCOVERY_CATALOG.md; docs/architecture/CASE01_GLOBAL_ARCHITECTURE_AUDIT.md; docs/architecture/INTEGRATION_AUDIT_REPORT.md; docs/architecture/EXECUTIVE_INTELLIGENCE_ARCHITECTURE.md; docs/domain/GP_D04C_PROJECT_DOSSIER_CONTENT_AUDIT.md; e mais 2 referencias no proprio arquivo.","BAIXO PARA O FRAMEWORK: perda de contexto ocorreria apenas se o artefato da instancia fosse migrado isoladamente.","P3","Titulo/conteudo: 'OP-01 - Auditoria Do Fluxo Operacional Interno Da Informacao'; referencias verificadas: ICFACTORY=3, PROTEUS/CASE-01=13. O titulo, o dominio, as dependencias ou a finalidade descrevem arquitetura, operacao, comunicacao, avaliacao ou estado do PROTEUS."
"C:\Users\Guiuliano\SistemaAnaliseAgua\docs\operational\OP_02_INFORMATION_UNIT_AUDIT.md","OP_02_INFORMATION_UNIT_AUDIT.md","INSTÂNCIA","SEM MIGRACAO: permanecer no repositorio PROTEUS","NO","docs/operational/OP_00_OPERATIONAL_SCOPE_BOUNDARY_AUDIT.md; docs/operational/OP_01_OPERATIONAL_INFORMATION_FLOW_AUDIT.md; docs/research/DISCOVERY_CATALOG.md; docs/domain/GP_D01A_MONITORING_PROJECT_DOMAIN_AUDIT.md; docs/domain/GP_D01C_PERSISTENCE_STRATEGY_AUDIT.md; docs/domain/GP_D10A_PROJECT_INSTANCE_AUDIT.md; e mais 3 referencias no proprio arquivo.","BAIXO PARA O FRAMEWORK: perda de contexto ocorreria apenas se o artefato da instancia fosse migrado isoladamente.","P3","Titulo/conteudo: 'OP-02 - Auditoria Da Unidade Fundamental De Informacao'; referencias verificadas: ICFACTORY=3, PROTEUS/CASE-01=11. O titulo, o dominio, as dependencias ou a finalidade descrevem arquitetura, operacao, comunicacao, avaliacao ou estado do PROTEUS."
"C:\Users\Guiuliano\SistemaAnaliseAgua\docs\operational\OP_03_INFORMATION_RECORD_TYPES_AUDIT.md","OP_03_INFORMATION_RECORD_TYPES_AUDIT.md","INSTÂNCIA","SEM MIGRACAO: permanecer no repositorio PROTEUS","NO","docs/operational/OP_00_OPERATIONAL_SCOPE_BOUNDARY_AUDIT.md; docs/operational/OP_01_OPERATIONAL_INFORMATION_FLOW_AUDIT.md; docs/operational/OP_02_INFORMATION_UNIT_AUDIT.md; docs/research/DISCOVERY_CATALOG.md; docs/domain/GP_D01A_MONITORING_PROJECT_DOMAIN_AUDIT.md; docs/domain/GP_D01C_PERSISTENCE_STRATEGY_AUDIT.md; e mais 4 referencias no proprio arquivo.","BAIXO PARA O FRAMEWORK: perda de contexto ocorreria apenas se o artefato da instancia fosse migrado isoladamente.","P3","Titulo/conteudo: 'OP-03 - Auditoria Dos Tipos De Registros Informacionais'; referencias verificadas: ICFACTORY=3, PROTEUS/CASE-01=9. O titulo, o dominio, as dependencias ou a finalidade descrevem arquitetura, operacao, comunicacao, avaliacao ou estado do PROTEUS."
"C:\Users\Guiuliano\SistemaAnaliseAgua\docs\pac\PAC_01_ENGINEERING_FINDINGS.md","PAC_01_ENGINEERING_FINDINGS.md","INSTÂNCIA","SEM MIGRACAO: permanecer no repositorio PROTEUS","NO","docs/pac/PAC_01_ENGINEERING_FINDINGS.md","ALTO: arquivo fora do HEAD; preservar hash, contexto e cadeia de autoridade antes de qualquer copia.","P3","Titulo/conteudo: 'PAC-01 - Achados Governados de Engenharia Ambiental'; referencias verificadas: ICFACTORY=7, PROTEUS/CASE-01=11. O titulo, o dominio, as dependencias ou a finalidade descrevem arquitetura, operacao, comunicacao, avaliacao ou estado do PROTEUS."
"C:\Users\Guiuliano\SistemaAnaliseAgua\docs\pac\PAC_02_ENGINEERING_SANITARY_FINDINGS.md","PAC_02_ENGINEERING_SANITARY_FINDINGS.md","INSTÂNCIA","SEM MIGRACAO: permanecer no repositorio PROTEUS","NO","docs/pac/PAC_02_ENGINEERING_SANITARY_FINDINGS.md","ALTO: arquivo fora do HEAD; preservar hash, contexto e cadeia de autoridade antes de qualquer copia.","P3","Titulo/conteudo: 'PAC-02 - Achados Governados de Engenharia Sanitaria'; referencias verificadas: ICFACTORY=4, PROTEUS/CASE-01=18. O titulo, o dominio, as dependencias ou a finalidade descrevem arquitetura, operacao, comunicacao, avaliacao ou estado do PROTEUS."
"C:\Users\Guiuliano\SistemaAnaliseAgua\docs\pac\PAC_03_SOFTWARE_ARCHITECTURE_FINDINGS.md","PAC_03_SOFTWARE_ARCHITECTURE_FINDINGS.md","INSTÂNCIA","SEM MIGRACAO: permanecer no repositorio PROTEUS","NO","docs/pac/PAC_03_SOFTWARE_ARCHITECTURE_FINDINGS.md","ALTO: arquivo fora do HEAD; preservar hash, contexto e cadeia de autoridade antes de qualquer copia.","P3","Titulo/conteudo: 'PAC-03 - Achados Governados de Arquitetura de Software'; referencias verificadas: ICFACTORY=4, PROTEUS/CASE-01=8. O titulo, o dominio, as dependencias ou a finalidade descrevem arquitetura, operacao, comunicacao, avaliacao ou estado do PROTEUS."
"C:\Users\Guiuliano\SistemaAnaliseAgua\docs\pac\PAC_04_SOFTWARE_ENGINEERING_FINDINGS.md","PAC_04_SOFTWARE_ENGINEERING_FINDINGS.md","INSTÂNCIA","SEM MIGRACAO: permanecer no repositorio PROTEUS","NO","docs/pac/PAC_04_SOFTWARE_ENGINEERING_FINDINGS.md","ALTO: arquivo fora do HEAD; preservar hash, contexto e cadeia de autoridade antes de qualquer copia.","P3","Titulo/conteudo: 'PAC-04 - Achados Governados de Engenharia de Software'; referencias verificadas: ICFACTORY=4, PROTEUS/CASE-01=6. O titulo, o dominio, as dependencias ou a finalidade descrevem arquitetura, operacao, comunicacao, avaliacao ou estado do PROTEUS."
"C:\Users\Guiuliano\SistemaAnaliseAgua\docs\pac\PAC_05_INFORMATION_SECURITY_FINDINGS.md","PAC_05_INFORMATION_SECURITY_FINDINGS.md","INSTÂNCIA","SEM MIGRACAO: permanecer no repositorio PROTEUS","NO","docs/pac/PAC_05_INFORMATION_SECURITY_FINDINGS.md","ALTO: arquivo fora do HEAD; preservar hash, contexto e cadeia de autoridade antes de qualquer copia.","P3","Titulo/conteudo: 'PAC-05 - Achados Governados de Seguranca da Informacao'; referencias verificadas: ICFACTORY=4, PROTEUS/CASE-01=8. O titulo, o dominio, as dependencias ou a finalidade descrevem arquitetura, operacao, comunicacao, avaliacao ou estado do PROTEUS."
"C:\Users\Guiuliano\SistemaAnaliseAgua\docs\pac\PAC_06_DATABASE_PERSISTENCE_FINDINGS.md","PAC_06_DATABASE_PERSISTENCE_FINDINGS.md","INSTÂNCIA","SEM MIGRACAO: permanecer no repositorio PROTEUS","NO","docs/pac/PAC_06_DATABASE_PERSISTENCE_FINDINGS.md","ALTO: arquivo fora do HEAD; preservar hash, contexto e cadeia de autoridade antes de qualquer copia.","P3","Titulo/conteudo: 'PAC-06 - Achados Governados de Banco de Dados e Persistencia'; referencias verificadas: ICFACTORY=4, PROTEUS/CASE-01=6. O titulo, o dominio, as dependencias ou a finalidade descrevem arquitetura, operacao, comunicacao, avaliacao ou estado do PROTEUS."
"C:\Users\Guiuliano\SistemaAnaliseAgua\docs\pac\PAC_07_UX_UI_FINDINGS.md","PAC_07_UX_UI_FINDINGS.md","INSTÂNCIA","SEM MIGRACAO: permanecer no repositorio PROTEUS","NO","docs/pac/PAC_07_UX_UI_FINDINGS.md","ALTO: arquivo fora do HEAD; preservar hash, contexto e cadeia de autoridade antes de qualquer copia.","P3","Titulo/conteudo: 'PAC-07 - Achados Governados de UX/UI'; referencias verificadas: ICFACTORY=4, PROTEUS/CASE-01=5. O titulo, o dominio, as dependencias ou a finalidade descrevem arquitetura, operacao, comunicacao, avaliacao ou estado do PROTEUS."
"C:\Users\Guiuliano\SistemaAnaliseAgua\docs\pac\PAC_08_PRODUCT_MANAGEMENT_FINDINGS.md","PAC_08_PRODUCT_MANAGEMENT_FINDINGS.md","INSTÂNCIA","SEM MIGRACAO: permanecer no repositorio PROTEUS","NO","docs/pac/PAC_08_PRODUCT_MANAGEMENT_FINDINGS.md","ALTO: arquivo fora do HEAD; preservar hash, contexto e cadeia de autoridade antes de qualquer copia.","P3","Titulo/conteudo: 'PAC-08 - Achados Governados de Gestao de Produto'; referencias verificadas: ICFACTORY=4, PROTEUS/CASE-01=14. O titulo, o dominio, as dependencias ou a finalidade descrevem arquitetura, operacao, comunicacao, avaliacao ou estado do PROTEUS."
"C:\Users\Guiuliano\SistemaAnaliseAgua\docs\pac\PAC_09_ACADEMIC_EVALUATION_FINDINGS.md","PAC_09_ACADEMIC_EVALUATION_FINDINGS.md","INSTÂNCIA","SEM MIGRACAO: permanecer no repositorio PROTEUS","NO","docs/pac/PAC_09_ACADEMIC_EVALUATION_FINDINGS.md","ALTO: arquivo fora do HEAD; preservar hash, contexto e cadeia de autoridade antes de qualquer copia.","P3","Titulo/conteudo: 'PAC-09 - Achados Governados de Avaliacao Academica'; referencias verificadas: ICFACTORY=4, PROTEUS/CASE-01=15. O titulo, o dominio, as dependencias ou a finalidade descrevem arquitetura, operacao, comunicacao, avaliacao ou estado do PROTEUS."
"C:\Users\Guiuliano\SistemaAnaliseAgua\docs\pac\PAC_13_OFFICIAL_CONVERGENCE_CONSOLIDATION.md","PAC_13_OFFICIAL_CONVERGENCE_CONSOLIDATION.md","INSTÂNCIA","SEM MIGRACAO: permanecer no repositorio PROTEUS","NO","docs/pac/PAC_01_ENGINEERING_FINDINGS.md; docs/pac/PAC_02_ENGINEERING_SANITARY_FINDINGS.md; docs/pac/PAC_03_SOFTWARE_ARCHITECTURE_FINDINGS.md; docs/pac/PAC_04_SOFTWARE_ENGINEERING_FINDINGS.md; docs/pac/PAC_05_INFORMATION_SECURITY_FINDINGS.md; docs/pac/PAC_06_DATABASE_PERSISTENCE_FINDINGS.md; e mais 6 referencias no proprio arquivo.","ALTO: arquivo fora do HEAD; preservar hash, contexto e cadeia de autoridade antes de qualquer copia.","P3","Titulo/conteudo: 'GP-PAC-13 - Consolidacao Oficial das Convergencias do Primeiro Ciclo do PAC'; referencias verificadas: ICFACTORY=1, PROTEUS/CASE-01=10. O titulo, o dominio, as dependencias ou a finalidade descrevem arquitetura, operacao, comunicacao, avaliacao ou estado do PROTEUS."
"C:\Users\Guiuliano\SistemaAnaliseAgua\docs\pac\PAC_14_PROJECT_EVOLUTION_PLAN.md","PAC_14_PROJECT_EVOLUTION_PLAN.md","INSTÂNCIA","SEM MIGRACAO: permanecer no repositorio PROTEUS","NO","docs/pac/PAC_13_OFFICIAL_CONVERGENCE_CONSOLIDATION.md; docs/pac/PAC_12A_FINAL_COLLECTION_AUDIT.md; docs/pac/PAC_01_ENGINEERING_FINDINGS.md; docs/pac/PAC_02_ENGINEERING_SANITARY_FINDINGS.md; docs/pac/PAC_03_SOFTWARE_ARCHITECTURE_FINDINGS.md; docs/pac/PAC_04_SOFTWARE_ENGINEERING_FINDINGS.md; e mais 7 referencias no proprio arquivo.","ALTO: arquivo fora do HEAD; preservar hash, contexto e cadeia de autoridade antes de qualquer copia.","P3","Titulo/conteudo: 'GP-PAC-14 - Plano Oficial de Evolucao do PROTEUS'; referencias verificadas: ICFACTORY=9, PROTEUS/CASE-01=11. O titulo, o dominio, as dependencias ou a finalidade descrevem arquitetura, operacao, comunicacao, avaliacao ou estado do PROTEUS."
"C:\Users\Guiuliano\SistemaAnaliseAgua\docs\pac\PAC_CONSOLIDATED_FINDINGS.md","PAC_CONSOLIDATED_FINDINGS.md","INSTÂNCIA","SEM MIGRACAO: permanecer no repositorio PROTEUS","NO","docs/pac/PAC_01_ENGINEERING_FINDINGS.md","ALTO: arquivo fora do HEAD; preservar hash, contexto e cadeia de autoridade antes de qualquer copia.","P3","Titulo/conteudo: 'PAC - Consolidacao de Evidencias'; referencias verificadas: ICFACTORY=5, PROTEUS/CASE-01=2. O titulo, o dominio, as dependencias ou a finalidade descrevem arquitetura, operacao, comunicacao, avaliacao ou estado do PROTEUS."
"C:\Users\Guiuliano\SistemaAnaliseAgua\docs\pac\PAC_FIRST_CYCLE_CONSOLIDATION.md","PAC_FIRST_CYCLE_CONSOLIDATION.md","INSTÂNCIA","SEM MIGRACAO: permanecer no repositorio PROTEUS","NO","docs/pac/PAC_01_ENGINEERING_FINDINGS.md; docs/pac/PAC_CONSOLIDATED_FINDINGS.md; docs/governance/PAC_CONSTITUTION.md; docs/governance/PROJECT_CONSTITUTION.md; docs/pac/PAC_FIRST_CYCLE_CONSOLIDATION.md","ALTO: arquivo fora do HEAD; preservar hash, contexto e cadeia de autoridade antes de qualquer copia.","P3","Titulo/conteudo: 'GP-PAC-04 - Consolidacao Multidisciplinar Do Primeiro Ciclo Do PAC'; referencias verificadas: ICFACTORY=1, PROTEUS/CASE-01=7. O titulo, o dominio, as dependencias ou a finalidade descrevem arquitetura, operacao, comunicacao, avaliacao ou estado do PROTEUS."
"C:\Users\Guiuliano\SistemaAnaliseAgua\docs\pac\PE_01_IMPLEMENTATION_EXECUTION_STRATEGY.md","PE_01_IMPLEMENTATION_EXECUTION_STRATEGY.md","INSTÂNCIA","SEM MIGRACAO: permanecer no repositorio PROTEUS","NO","docs/pac/PAC_14_PROJECT_EVOLUTION_PLAN.md; docs/pac/PAC_13_OFFICIAL_CONVERGENCE_CONSOLIDATION.md; docs/pac/PAC_12A_FINAL_COLLECTION_AUDIT.md; docs/pac/PAC_01_ENGINEERING_FINDINGS.md; docs/pac/PAC_02_ENGINEERING_SANITARY_FINDINGS.md; docs/pac/PAC_03_SOFTWARE_ARCHITECTURE_FINDINGS.md; e mais 8 referencias no proprio arquivo.","ALTO: arquivo fora do HEAD; preservar hash, contexto e cadeia de autoridade antes de qualquer copia.","P3","Titulo/conteudo: 'GP-PE-01 - Estrategia Executiva de Implementacao do Plano Oficial de Evolucao do PROTEUS'; referencias verificadas: ICFACTORY=7, PROTEUS/CASE-01=6. O titulo, o dominio, as dependencias ou a finalidade descrevem arquitetura, operacao, comunicacao, avaliacao ou estado do PROTEUS."
"C:\Users\Guiuliano\SistemaAnaliseAgua\docs\research\AI_METHODOLOGICAL_OBSERVATIONS_CONSOLIDATION.md","AI_METHODOLOGICAL_OBSERVATIONS_CONSOLIDATION.md","HÍBRIDO","A DEFINIR apos divisao; candidato universal a ser extraido para area equivalente a docs/research/AI_METHODOLOGICAL_OBSERVATIONS_CONSOLIDATION.md","YES","docs/domain/GP_D07A_PROJECT_INSTITUTIONAL_EVENTS_AUDIT.md; docs/domain/GP_D08A_PROJECT_OBJECTIVES_RESULTS_AUDIT.md; docs/history/HISTORY.md; docs/domain/GP_D09A_PROJECT_DOMAIN_SATURATION_AUDIT.md; docs/domain/GP_D04C_PROJECT_DOSSIER_CONTENT_AUDIT.md; docs/domain/GP_D05A_PROJECT_RESPONSIBILITIES_AUDIT.md; e mais 1 referencias no proprio arquivo.","ALTO: copia integral contaminaria o framework; extracao sem dependencias perderia contexto.","P2","Titulo/conteudo: 'AI-01 - Consolidacao Das Observacoes Metodologicas Da IA'; referencias verificadas: ICFACTORY=4, PROTEUS/CASE-01=2. O texto cruza metodo, pesquisa ou governanca reutilizavel com origem, evidencias ou decisoes da instancia."
"C:\Users\Guiuliano\SistemaAnaliseAgua\docs\research\DISCOVERY_CATALOG.md","DISCOVERY_CATALOG.md","HÍBRIDO","A DEFINIR apos divisao; candidato universal a ser extraido para area equivalente a docs/research/DISCOVERY_CATALOG.md","YES","Nenhuma dependencia documental explicita localizada no arquivo.","ALTO: arquivo fora do HEAD; preservar hash, contexto e cadeia de autoridade antes de qualquer copia.","P2","Titulo/conteudo: 'DISCOVERY CATALOG'; referencias verificadas: ICFACTORY=3, PROTEUS/CASE-01=2. Define ciclo universal de Discoveries, mas o estado atual registra PA-02/PA-03 com evidencias do CASE-01."
"C:\Users\Guiuliano\SistemaAnaliseAgua\docs\research\GIT_PENDING_STATE_AUDIT.md","GIT_PENDING_STATE_AUDIT.md","INSTÂNCIA","SEM MIGRACAO: permanecer no repositorio PROTEUS","NO","docs/research/RG_01_CLOSURE_REPORT.md; docs/research/RG_01_RESEARCH_CONSTITUTION.md; docs/research/RG_01_RESEARCH_ROADMAP.md; docs/research/RG_02_CLOSURE_REPORT.md; docs/research/RG_02_CONCEPTUAL_MODEL.md; docs/research/RG_02_SEMANTIC_MATRIX.md; e mais 92 referencias no proprio arquivo.","BAIXO PARA O FRAMEWORK: perda de contexto ocorreria apenas se o artefato da instancia fosse migrado isoladamente.","P3","Titulo/conteudo: 'GP-GIT-02 — Auditoria do Estado Pendente do Repositório'; referencias verificadas: ICFACTORY=0, PROTEUS/CASE-01=28. O titulo, o dominio, as dependencias ou a finalidade descrevem arquitetura, operacao, comunicacao, avaliacao ou estado do PROTEUS."
"C:\Users\Guiuliano\SistemaAnaliseAgua\docs\research\GP_R02_VALUE_PROGRESSION_AUDIT.md","GP_R02_VALUE_PROGRESSION_AUDIT.md","HÍBRIDO","A DEFINIR apos divisao; candidato universal a ser extraido para area equivalente a docs/research/GP_R02_VALUE_PROGRESSION_AUDIT.md","YES","docs/history/HISTORY.md; docs/roadmap/ROADMAP.md; docs/architecture/INTEGRATION_AUDIT_REPORT.md; docs/architecture/EXECUTIVE_INTELLIGENCE_ARCHITECTURE.md","ALTO: copia integral contaminaria o framework; extracao sem dependencias perderia contexto.","P2","Titulo/conteudo: 'GP-R02 - Auditoria de Progressao de Valor Entre Camadas'; referencias verificadas: ICFACTORY=3, PROTEUS/CASE-01=4. O texto cruza metodo, pesquisa ou governanca reutilizavel com origem, evidencias ou decisoes da instancia."
"C:\Users\Guiuliano\SistemaAnaliseAgua\docs\research\GP_R03_EXECUTIVE_CONTEXT_AUDIT.md","GP_R03_EXECUTIVE_CONTEXT_AUDIT.md","UNIVERSAL","PROVISORIO (sujeito a GP posterior): docs/research/GP_R03_EXECUTIVE_CONTEXT_AUDIT.md","NO","docs/architecture/EXECUTIVE_INTELLIGENCE_ARCHITECTURE.md; docs/research/GP_R02_VALUE_PROGRESSION_AUDIT.md","MEDIO: artefato reutilizavel, mas dependencias e status normativo devem acompanhar a migracao.","P1","Titulo/conteudo: 'GP-R03 - Investigacao Arquitetural: Executive Context'; referencias verificadas: ICFACTORY=2, PROTEUS/CASE-01=0. O objeto e metodo de pesquisa/governanca sao independentes do dominio hidrico; manter rotulo de artefato de pesquisa quando aplicavel."
"C:\Users\Guiuliano\SistemaAnaliseAgua\docs\research\GP_R06_AI_DECISION_GOVERNANCE_EXPERIMENTAL_RESEARCH.md","GP_R06_AI_DECISION_GOVERNANCE_EXPERIMENTAL_RESEARCH.md","HÍBRIDO","A DEFINIR apos divisao; candidato universal a ser extraido para area equivalente a docs/research/GP_R06_AI_DECISION_GOVERNANCE_EXPERIMENTAL_RESEARCH.md","YES","Nenhuma dependencia documental explicita localizada no arquivo.","ALTO: copia integral contaminaria o framework; extracao sem dependencias perderia contexto.","P2","Titulo/conteudo: 'GP-R06 — Governança Experimental da Decisão por IA'; referencias verificadas: ICFACTORY=7, PROTEUS/CASE-01=5. O texto cruza metodo, pesquisa ou governanca reutilizavel com origem, evidencias ou decisoes da instancia."
"C:\Users\Guiuliano\SistemaAnaliseAgua\docs\research\HARNESS_GOVERNANCE_RESEARCH_DOSSIER.md","HARNESS_GOVERNANCE_RESEARCH_DOSSIER.md","HÍBRIDO","A DEFINIR apos divisao; candidato universal a ser extraido para area equivalente a docs/research/HARNESS_GOVERNANCE_RESEARCH_DOSSIER.md","YES","GP-H01 e GP-HA01..GP-HA07 (consolidados no texto; fontes individuais nao localizadas)","ALTO: arquivo fora do HEAD; preservar hash, contexto e cadeia de autoridade antes de qualquer copia.","P2","Titulo/conteudo: 'GP-HA08 - Dossie Oficial De Pesquisa Metodologica Da Governanca De Harnesses'; referencias verificadas: ICFACTORY=7, PROTEUS/CASE-01=4. Consolida governanca universal de Harnesses, declaradamente nao normativa, a partir do desenvolvimento do PROTEUS."
"C:\Users\Guiuliano\SistemaAnaliseAgua\docs\research\OEG_GIT_04_PUSH_AUTHORIZATION_AUDIT.md","OEG_GIT_04_PUSH_AUTHORIZATION_AUDIT.md","INSTÂNCIA","SEM MIGRACAO: permanecer no repositorio PROTEUS","NO","docs/history/HISTORY.md; docs/roadmap/ROADMAP.md","BAIXO PARA O FRAMEWORK: perda de contexto ocorreria apenas se o artefato da instancia fosse migrado isoladamente.","P3","Titulo/conteudo: 'OEG-GIT-04 — Auditoria para Autorização do Push Científico'; referencias verificadas: ICFACTORY=0, PROTEUS/CASE-01=0. O titulo, o dominio, as dependencias ou a finalidade descrevem arquitetura, operacao, comunicacao, avaliacao ou estado do PROTEUS."
"C:\Users\Guiuliano\SistemaAnaliseAgua\docs\research\OEG_GIT_05_PUSH_EXECUTION_REPORT.md","OEG_GIT_05_PUSH_EXECUTION_REPORT.md","INSTÂNCIA","SEM MIGRACAO: permanecer no repositorio PROTEUS","NO","docs/research/OEG_GIT_04_PUSH_AUTHORIZATION_AUDIT.md","BAIXO PARA O FRAMEWORK: perda de contexto ocorreria apenas se o artefato da instancia fosse migrado isoladamente.","P3","Titulo/conteudo: 'OEG-GIT-05 — Relatório de Execução Controlada do Push Científico'; referencias verificadas: ICFACTORY=0, PROTEUS/CASE-01=0. O titulo, o dominio, as dependencias ou a finalidade descrevem arquitetura, operacao, comunicacao, avaliacao ou estado do PROTEUS."
"C:\Users\Guiuliano\SistemaAnaliseAgua\docs\research\OEG_GIT_07_PHASE_I_INSTITUTIONAL_CLOSURE_REPORT.md","OEG_GIT_07_PHASE_I_INSTITUTIONAL_CLOSURE_REPORT.md","INSTÂNCIA","SEM MIGRACAO: permanecer no repositorio PROTEUS","NO","docs/history/HISTORY.md; docs/roadmap/ROADMAP.md; docs/research/GIT_PENDING_STATE_AUDIT.md; docs/research/OEG_GIT_04_PUSH_AUTHORIZATION_AUDIT.md; docs/research/OEG_GIT_05_PUSH_EXECUTION_REPORT.md","ALTO: arquivo fora do HEAD; preservar hash, contexto e cadeia de autoridade antes de qualquer copia.","P3","Titulo/conteudo: 'OEG-GIT-07 — Relatório de Encerramento Institucional da Fase I'; referencias verificadas: ICFACTORY=0, PROTEUS/CASE-01=2. O titulo, o dominio, as dependencias ou a finalidade descrevem arquitetura, operacao, comunicacao, avaliacao ou estado do PROTEUS."
"C:\Users\Guiuliano\SistemaAnaliseAgua\docs\research\PHASE_I_CONSOLIDATED_REPORT.md","PHASE_I_CONSOLIDATED_REPORT.md","UNIVERSAL","PROVISORIO (sujeito a GP posterior): docs/research/PHASE_I_CONSOLIDATED_REPORT.md","NO","Nenhuma dependencia documental explicita localizada no arquivo.","MEDIO: risco de promover pesquisa/evidencia a norma sem rotulo institucional explicito.","P0","Titulo/conteudo: 'ICFACTORY — GDC-R'; referencias verificadas: ICFACTORY=3, PROTEUS/CASE-01=0. O objeto e metodo de pesquisa/governanca sao independentes do dominio hidrico; manter rotulo de artefato de pesquisa quando aplicavel."
"C:\Users\Guiuliano\SistemaAnaliseAgua\docs\research\PI_07A_DECISION_FOUNDATION_GOVERNANCE_REPORT.md","PI_07A_DECISION_FOUNDATION_GOVERNANCE_REPORT.md","HÍBRIDO","A DEFINIR apos divisao; candidato universal a ser extraido para area equivalente a docs/research/PI_07A_DECISION_FOUNDATION_GOVERNANCE_REPORT.md","YES","Nenhuma dependencia documental explicita localizada no arquivo.","ALTO: copia integral contaminaria o framework; extracao sem dependencias perderia contexto.","P2","Titulo/conteudo: 'GP-PI-07A — Relatorio De Governanca Das Premissas E Fundamentacao Das Decisoes'; referencias verificadas: ICFACTORY=0, PROTEUS/CASE-01=3. O texto cruza metodo, pesquisa ou governanca reutilizavel com origem, evidencias ou decisoes da instancia."
"C:\Users\Guiuliano\SistemaAnaliseAgua\docs\research\RG_01_CLOSURE_REPORT.md","RG_01_CLOSURE_REPORT.md","HÍBRIDO","A DEFINIR apos divisao; candidato universal a ser extraido para area equivalente a docs/research/RG_01_CLOSURE_REPORT.md","YES","docs/research/RG_01_RESEARCH_CONSTITUTION.md; docs/research/RG_01_RESEARCH_ROADMAP.md; docs/research/RG_01_CLOSURE_REPORT.md","ALTO: copia integral contaminaria o framework; extracao sem dependencias perderia contexto.","P2","Titulo/conteudo: 'GP-RG-01 — Relatorio De Encerramento'; referencias verificadas: ICFACTORY=0, PROTEUS/CASE-01=1. O texto cruza metodo, pesquisa ou governanca reutilizavel com origem, evidencias ou decisoes da instancia."
"C:\Users\Guiuliano\SistemaAnaliseAgua\docs\research\RG_01_RESEARCH_CONSTITUTION.md","RG_01_RESEARCH_CONSTITUTION.md","HÍBRIDO","A DEFINIR apos divisao; candidato universal a ser extraido para area equivalente a docs/research/RG_01_RESEARCH_CONSTITUTION.md","YES","docs/research/PI_07A_DECISION_FOUNDATION_GOVERNANCE_REPORT.md; docs/presentation/PI_07_KDENLIVE_PRE_POSTPRODUCTION_AUDIT.md; docs/presentation/PI_07_POST_PRODUCTION_EXECUTION_REPORT.md; docs/research/RG_01_RESEARCH_ROADMAP.md","ALTO: copia integral contaminaria o framework; extracao sem dependencias perderia contexto.","P2","Titulo/conteudo: 'GP-RG-01 — Constituicao Da Pesquisa ""Governanca Da Fundamentacao Das Decisoes""'; referencias verificadas: ICFACTORY=2, PROTEUS/CASE-01=4. O texto cruza metodo, pesquisa ou governanca reutilizavel com origem, evidencias ou decisoes da instancia."
"C:\Users\Guiuliano\SistemaAnaliseAgua\docs\research\RG_01_RESEARCH_ROADMAP.md","RG_01_RESEARCH_ROADMAP.md","HÍBRIDO","A DEFINIR apos divisao; candidato universal a ser extraido para area equivalente a docs/research/RG_01_RESEARCH_ROADMAP.md","YES","docs/research/RG_01_RESEARCH_CONSTITUTION.md; docs/research/PI_07A_DECISION_FOUNDATION_GOVERNANCE_REPORT.md; docs/presentation/PI_07_KDENLIVE_PRE_POSTPRODUCTION_AUDIT.md; docs/presentation/PI_07_POST_PRODUCTION_EXECUTION_REPORT.md","ALTO: copia integral contaminaria o framework; extracao sem dependencias perderia contexto.","P2","Titulo/conteudo: 'GP-RG-01 — Roadmap Inicial Da Pesquisa ""Governanca Da Fundamentacao Das Decisoes""'; referencias verificadas: ICFACTORY=1, PROTEUS/CASE-01=1. O texto cruza metodo, pesquisa ou governanca reutilizavel com origem, evidencias ou decisoes da instancia."
"C:\Users\Guiuliano\SistemaAnaliseAgua\docs\research\RG_02_CLOSURE_REPORT.md","RG_02_CLOSURE_REPORT.md","UNIVERSAL","PROVISORIO (sujeito a GP posterior): docs/research/RG_02_CLOSURE_REPORT.md","NO","docs/research/RG_02_CONCEPTUAL_MODEL.md; docs/research/RG_02_SEMANTIC_MATRIX.md; docs/research/RG_02_CLOSURE_REPORT.md","MEDIO: artefato reutilizavel, mas dependencias e status normativo devem acompanhar a migracao.","P1","Titulo/conteudo: 'GP-RG-02 — Relatorio Final'; referencias verificadas: ICFACTORY=1, PROTEUS/CASE-01=0. O objeto e metodo de pesquisa/governanca sao independentes do dominio hidrico; manter rotulo de artefato de pesquisa quando aplicavel."
"C:\Users\Guiuliano\SistemaAnaliseAgua\docs\research\RG_02_CONCEPTUAL_MODEL.md","RG_02_CONCEPTUAL_MODEL.md","UNIVERSAL","PROVISORIO (sujeito a GP posterior): docs/research/RG_02_CONCEPTUAL_MODEL.md","NO","Nenhuma dependencia documental explicita localizada no arquivo.","MEDIO: risco de promover pesquisa/evidencia a norma sem rotulo institucional explicito.","P0","Titulo/conteudo: 'GP-RG-02 — Modelo Conceitual Da Governanca Da Fundamentacao Das Decisoes'; referencias verificadas: ICFACTORY=0, PROTEUS/CASE-01=0. O objeto e metodo de pesquisa/governanca sao independentes do dominio hidrico; manter rotulo de artefato de pesquisa quando aplicavel."
"C:\Users\Guiuliano\SistemaAnaliseAgua\docs\research\RG_02_SEMANTIC_MATRIX.md","RG_02_SEMANTIC_MATRIX.md","UNIVERSAL","PROVISORIO (sujeito a GP posterior): docs/research/RG_02_SEMANTIC_MATRIX.md","NO","Nenhuma dependencia documental explicita localizada no arquivo.","MEDIO: risco de promover pesquisa/evidencia a norma sem rotulo institucional explicito.","P0","Titulo/conteudo: 'GP-RG-02 — Matriz Semantica Dos Conceitos'; referencias verificadas: ICFACTORY=0, PROTEUS/CASE-01=0. O objeto e metodo de pesquisa/governanca sao independentes do dominio hidrico; manter rotulo de artefato de pesquisa quando aplicavel."
"C:\Users\Guiuliano\SistemaAnaliseAgua\docs\research\RG_03_ARCHITECTURAL_DIAGRAM.md","RG_03_ARCHITECTURAL_DIAGRAM.md","HÍBRIDO","A DEFINIR apos divisao; candidato universal a ser extraido para area equivalente a docs/research/RG_03_ARCHITECTURAL_DIAGRAM.md","YES","Nenhuma dependencia documental explicita localizada no arquivo.","ALTO: copia integral contaminaria o framework; extracao sem dependencias perderia contexto.","P2","Titulo/conteudo: 'GP-RG-03 — Representacao Arquitetural Da Cadeia'; referencias verificadas: ICFACTORY=1, PROTEUS/CASE-01=1. O texto cruza metodo, pesquisa ou governanca reutilizavel com origem, evidencias ou decisoes da instancia."
"C:\Users\Guiuliano\SistemaAnaliseAgua\docs\research\RG_03_ARCHITECTURE.md","RG_03_ARCHITECTURE.md","HÍBRIDO","A DEFINIR apos divisao; candidato universal a ser extraido para area equivalente a docs/research/RG_03_ARCHITECTURE.md","YES","Nenhuma dependencia documental explicita localizada no arquivo.","ALTO: copia integral contaminaria o framework; extracao sem dependencias perderia contexto.","P2","Titulo/conteudo: 'GP-RG-03 — Arquitetura Da Cadeia De Governanca Da Fundamentacao Das Decisoes'; referencias verificadas: ICFACTORY=2, PROTEUS/CASE-01=2. O texto cruza metodo, pesquisa ou governanca reutilizavel com origem, evidencias ou decisoes da instancia."
"C:\Users\Guiuliano\SistemaAnaliseAgua\docs\research\RG_03_CLOSURE_REPORT.md","RG_03_CLOSURE_REPORT.md","HÍBRIDO","A DEFINIR apos divisao; candidato universal a ser extraido para area equivalente a docs/research/RG_03_CLOSURE_REPORT.md","YES","docs/research/RG_03_ARCHITECTURE.md; docs/research/RG_03_ARCHITECTURAL_DIAGRAM.md; docs/research/RG_03_INVARIANTS.md; docs/research/RG_03_CLOSURE_REPORT.md","ALTO: copia integral contaminaria o framework; extracao sem dependencias perderia contexto.","P2","Titulo/conteudo: 'GP-RG-03 — Relatorio Final'; referencias verificadas: ICFACTORY=0, PROTEUS/CASE-01=1. O texto cruza metodo, pesquisa ou governanca reutilizavel com origem, evidencias ou decisoes da instancia."
"C:\Users\Guiuliano\SistemaAnaliseAgua\docs\research\RG_03_INVARIANTS.md","RG_03_INVARIANTS.md","UNIVERSAL","PROVISORIO (sujeito a GP posterior): docs/research/RG_03_INVARIANTS.md","NO","Nenhuma dependencia documental explicita localizada no arquivo.","MEDIO: risco de promover pesquisa/evidencia a norma sem rotulo institucional explicito.","P0","Titulo/conteudo: 'GP-RG-03 — Invariantes Arquiteturais GDC-R'; referencias verificadas: ICFACTORY=0, PROTEUS/CASE-01=0. O objeto e metodo de pesquisa/governanca sao independentes do dominio hidrico; manter rotulo de artefato de pesquisa quando aplicavel."
"C:\Users\Guiuliano\SistemaAnaliseAgua\docs\research\RG_04_CLOSURE_REPORT.md","RG_04_CLOSURE_REPORT.md","UNIVERSAL","PROVISORIO (sujeito a GP posterior): docs/research/RG_04_CLOSURE_REPORT.md","NO","docs/research/RG_04_DYNAMIC_MODEL.md; docs/research/RG_04_STATE_MACHINE.md; docs/research/RG_04_PROPAGATION_MODEL.md; docs/research/RG_04_CLOSURE_REPORT.md","MEDIO: artefato reutilizavel, mas dependencias e status normativo devem acompanhar a migracao.","P1","Titulo/conteudo: 'GP-RG-04 — Relatorio Final'; referencias verificadas: ICFACTORY=0, PROTEUS/CASE-01=0. O objeto e metodo de pesquisa/governanca sao independentes do dominio hidrico; manter rotulo de artefato de pesquisa quando aplicavel."
"C:\Users\Guiuliano\SistemaAnaliseAgua\docs\research\RG_04_DYNAMIC_MODEL.md","RG_04_DYNAMIC_MODEL.md","UNIVERSAL","PROVISORIO (sujeito a GP posterior): docs/research/RG_04_DYNAMIC_MODEL.md","NO","Nenhuma dependencia documental explicita localizada no arquivo.","MEDIO: risco de promover pesquisa/evidencia a norma sem rotulo institucional explicito.","P0","Titulo/conteudo: 'GP-RG-04 — Modelo Dinamico Da Arquitetura GDC-R'; referencias verificadas: ICFACTORY=0, PROTEUS/CASE-01=0. O objeto e metodo de pesquisa/governanca sao independentes do dominio hidrico; manter rotulo de artefato de pesquisa quando aplicavel."
"C:\Users\Guiuliano\SistemaAnaliseAgua\docs\research\RG_04_PROPAGATION_MODEL.md","RG_04_PROPAGATION_MODEL.md","UNIVERSAL","PROVISORIO (sujeito a GP posterior): docs/research/RG_04_PROPAGATION_MODEL.md","NO","Nenhuma dependencia documental explicita localizada no arquivo.","MEDIO: risco de promover pesquisa/evidencia a norma sem rotulo institucional explicito.","P0","Titulo/conteudo: 'GP-RG-04 — Modelo De Propagacao Da GDC-R'; referencias verificadas: ICFACTORY=0, PROTEUS/CASE-01=0. O objeto e metodo de pesquisa/governanca sao independentes do dominio hidrico; manter rotulo de artefato de pesquisa quando aplicavel."
"C:\Users\Guiuliano\SistemaAnaliseAgua\docs\research\RG_04_STATE_MACHINE.md","RG_04_STATE_MACHINE.md","UNIVERSAL","PROVISORIO (sujeito a GP posterior): docs/research/RG_04_STATE_MACHINE.md","NO","Nenhuma dependencia documental explicita localizada no arquivo.","MEDIO: risco de promover pesquisa/evidencia a norma sem rotulo institucional explicito.","P0","Titulo/conteudo: 'GP-RG-04 — Maquina De Estados Da GDC-R'; referencias verificadas: ICFACTORY=0, PROTEUS/CASE-01=0. O objeto e metodo de pesquisa/governanca sao independentes do dominio hidrico; manter rotulo de artefato de pesquisa quando aplicavel."
"C:\Users\Guiuliano\SistemaAnaliseAgua\docs\research\RG_05_CASE_SELECTION_FRAMEWORK.md","RG_05_CASE_SELECTION_FRAMEWORK.md","HÍBRIDO","A DEFINIR apos divisao; candidato universal a ser extraido para area equivalente a docs/research/RG_05_CASE_SELECTION_FRAMEWORK.md","YES","Nenhuma dependencia documental explicita localizada no arquivo.","ALTO: copia integral contaminaria o framework; extracao sem dependencias perderia contexto.","P2","Titulo/conteudo: 'GP-RG-05 — Framework De Selecao E Classificacao De Casos'; referencias verificadas: ICFACTORY=2, PROTEUS/CASE-01=3. O texto cruza metodo, pesquisa ou governanca reutilizavel com origem, evidencias ou decisoes da instancia."
"C:\Users\Guiuliano\SistemaAnaliseAgua\docs\research\RG_05_CLOSURE_REPORT.md","RG_05_CLOSURE_REPORT.md","HÍBRIDO","A DEFINIR apos divisao; candidato universal a ser extraido para area equivalente a docs/research/RG_05_CLOSURE_REPORT.md","YES","docs/research/RG_05_EXPERIMENTAL_PROTOCOL.md; docs/research/RG_05_HYPOTHESIS_OPERATIONALIZATION.md; docs/research/RG_05_CASE_SELECTION_FRAMEWORK.md; docs/research/RG_05_METRICS_AND_INTERPRETATION.md; docs/research/RG_05_THREATS_TO_VALIDITY.md; docs/research/RG_05_CLOSURE_REPORT.md","ALTO: copia integral contaminaria o framework; extracao sem dependencias perderia contexto.","P2","Titulo/conteudo: 'GP-RG-05 — Relatorio Final'; referencias verificadas: ICFACTORY=2, PROTEUS/CASE-01=2. O texto cruza metodo, pesquisa ou governanca reutilizavel com origem, evidencias ou decisoes da instancia."
"C:\Users\Guiuliano\SistemaAnaliseAgua\docs\research\RG_05_EXPERIMENTAL_PROTOCOL.md","RG_05_EXPERIMENTAL_PROTOCOL.md","HÍBRIDO","A DEFINIR apos divisao; candidato universal a ser extraido para area equivalente a docs/research/RG_05_EXPERIMENTAL_PROTOCOL.md","YES","Nenhuma dependencia documental explicita localizada no arquivo.","ALTO: copia integral contaminaria o framework; extracao sem dependencias perderia contexto.","P2","Titulo/conteudo: 'GP-RG-05 — Protocolo Experimental De Validacao Da GDC-R'; referencias verificadas: ICFACTORY=2, PROTEUS/CASE-01=1. O texto cruza metodo, pesquisa ou governanca reutilizavel com origem, evidencias ou decisoes da instancia."
"C:\Users\Guiuliano\SistemaAnaliseAgua\docs\research\RG_05_HYPOTHESIS_OPERATIONALIZATION.md","RG_05_HYPOTHESIS_OPERATIONALIZATION.md","UNIVERSAL","PROVISORIO (sujeito a GP posterior): docs/research/RG_05_HYPOTHESIS_OPERATIONALIZATION.md","NO","Nenhuma dependencia documental explicita localizada no arquivo.","MEDIO: risco de promover pesquisa/evidencia a norma sem rotulo institucional explicito.","P1","Titulo/conteudo: 'GP-RG-05 — Inventario E Operacionalizacao Das Hipoteses'; referencias verificadas: ICFACTORY=0, PROTEUS/CASE-01=0. O objeto e metodo de pesquisa/governanca sao independentes do dominio hidrico; manter rotulo de artefato de pesquisa quando aplicavel."
"C:\Users\Guiuliano\SistemaAnaliseAgua\docs\research\RG_05_METRICS_AND_INTERPRETATION.md","RG_05_METRICS_AND_INTERPRETATION.md","UNIVERSAL","PROVISORIO (sujeito a GP posterior): docs/research/RG_05_METRICS_AND_INTERPRETATION.md","NO","Nenhuma dependencia documental explicita localizada no arquivo.","MEDIO: risco de promover pesquisa/evidencia a norma sem rotulo institucional explicito.","P1","Titulo/conteudo: 'GP-RG-05 — Metricas E Regras De Interpretacao'; referencias verificadas: ICFACTORY=0, PROTEUS/CASE-01=0. O objeto e metodo de pesquisa/governanca sao independentes do dominio hidrico; manter rotulo de artefato de pesquisa quando aplicavel."
"C:\Users\Guiuliano\SistemaAnaliseAgua\docs\research\RG_05_THREATS_TO_VALIDITY.md","RG_05_THREATS_TO_VALIDITY.md","HÍBRIDO","A DEFINIR apos divisao; candidato universal a ser extraido para area equivalente a docs/research/RG_05_THREATS_TO_VALIDITY.md","YES","Nenhuma dependencia documental explicita localizada no arquivo.","ALTO: copia integral contaminaria o framework; extracao sem dependencias perderia contexto.","P2","Titulo/conteudo: 'GP-RG-05 — Vieses, Ameacas A Validade E Mitigacoes'; referencias verificadas: ICFACTORY=1, PROTEUS/CASE-01=1. O texto cruza metodo, pesquisa ou governanca reutilizavel com origem, evidencias ou decisoes da instancia."
"C:\Users\Guiuliano\SistemaAnaliseAgua\docs\research\RG_06_CASE_SELECTION.md","RG_06_CASE_SELECTION.md","UNIVERSAL","PROVISORIO (sujeito a GP posterior): docs/research/RG_06_CASE_SELECTION.md","NO","docs/research/RG_05_CASE_SELECTION_FRAMEWORK.md; docs/research/RG_05_EXPERIMENTAL_PROTOCOL.md; docs/research/RG_05_CLOSURE_REPORT.md","MEDIO: artefato reutilizavel, mas dependencias e status normativo devem acompanhar a migracao.","P1","Titulo/conteudo: 'GP-RG-06 - Selecao Formal Do Caso Experimental'; referencias verificadas: ICFACTORY=1, PROTEUS/CASE-01=0. O objeto e metodo de pesquisa/governanca sao independentes do dominio hidrico; manter rotulo de artefato de pesquisa quando aplicavel."
"C:\Users\Guiuliano\SistemaAnaliseAgua\docs\research\RG_06_CLOSURE_REPORT.md","RG_06_CLOSURE_REPORT.md","UNIVERSAL","PROVISORIO (sujeito a GP posterior): docs/research/RG_06_CLOSURE_REPORT.md","NO","docs/history/HISTORY.md; docs/roadmap/ROADMAP.md","MEDIO: artefato reutilizavel, mas dependencias e status normativo devem acompanhar a migracao.","P1","Titulo/conteudo: 'GP-RG-06 - Relatorio Final Do Primeiro Piloto Controlado'; referencias verificadas: ICFACTORY=1, PROTEUS/CASE-01=0. O objeto e metodo de pesquisa/governanca sao independentes do dominio hidrico; manter rotulo de artefato de pesquisa quando aplicavel."
"C:\Users\Guiuliano\SistemaAnaliseAgua\docs\research\RG_06_CP01_AUDIT.md","RG_06_CP01_AUDIT.md","UNIVERSAL","PROVISORIO (sujeito a GP posterior): docs/research/RG_06_CP01_AUDIT.md","NO","Nenhuma dependencia documental explicita localizada no arquivo.","MEDIO: risco de promover pesquisa/evidencia a norma sem rotulo institucional explicito.","P1","Titulo/conteudo: 'GP-RG-06 - Auditoria Do CP-01'; referencias verificadas: ICFACTORY=1, PROTEUS/CASE-01=0. O objeto e metodo de pesquisa/governanca sao independentes do dominio hidrico; manter rotulo de artefato de pesquisa quando aplicavel."
"C:\Users\Guiuliano\SistemaAnaliseAgua\docs\research\RG_06_CP01_EXECUTION.md","RG_06_CP01_EXECUTION.md","UNIVERSAL","PROVISORIO (sujeito a GP posterior): docs/research/RG_06_CP01_EXECUTION.md","NO","Nenhuma dependencia documental explicita localizada no arquivo.","MEDIO: risco de promover pesquisa/evidencia a norma sem rotulo institucional explicito.","P1","Titulo/conteudo: 'GP-RG-06 - Execucao Do CP-01'; referencias verificadas: ICFACTORY=0, PROTEUS/CASE-01=0. O objeto e metodo de pesquisa/governanca sao independentes do dominio hidrico; manter rotulo de artefato de pesquisa quando aplicavel."
"C:\Users\Guiuliano\SistemaAnaliseAgua\docs\research\RG_06_CP01_RESULTS.md","RG_06_CP01_RESULTS.md","UNIVERSAL","PROVISORIO (sujeito a GP posterior): docs/research/RG_06_CP01_RESULTS.md","NO","Nenhuma dependencia documental explicita localizada no arquivo.","MEDIO: risco de promover pesquisa/evidencia a norma sem rotulo institucional explicito.","P1","Titulo/conteudo: 'GP-RG-06 - Resultados Do CP-01'; referencias verificadas: ICFACTORY=0, PROTEUS/CASE-01=0. O objeto e metodo de pesquisa/governanca sao independentes do dominio hidrico; manter rotulo de artefato de pesquisa quando aplicavel."
"C:\Users\Guiuliano\SistemaAnaliseAgua\docs\research\RG_06_PREREGISTRATION.md","RG_06_PREREGISTRATION.md","HÍBRIDO","A DEFINIR apos divisao; candidato universal a ser extraido para area equivalente a docs/research/RG_06_PREREGISTRATION.md","YES","docs/research/PI_07A_DECISION_FOUNDATION_GOVERNANCE_REPORT.md; docs/presentation/PI_07_KDENLIVE_PRE_POSTPRODUCTION_AUDIT.md; docs/presentation/PI_07_POST_PRODUCTION_EXECUTION_REPORT.md","ALTO: copia integral contaminaria o framework; extracao sem dependencias perderia contexto.","P2","Titulo/conteudo: 'GP-RG-06 - Pre-Registro Do Primeiro Piloto Controlado'; referencias verificadas: ICFACTORY=1, PROTEUS/CASE-01=1. O texto cruza metodo, pesquisa ou governanca reutilizavel com origem, evidencias ou decisoes da instancia."
"C:\Users\Guiuliano\SistemaAnaliseAgua\docs\research\RG_07_AUDIT.md","RG_07_AUDIT.md","HÍBRIDO","A DEFINIR apos divisao; candidato universal a ser extraido para area equivalente a docs/research/RG_07_AUDIT.md","YES","Nenhuma dependencia documental explicita localizada no arquivo.","ALTO: copia integral contaminaria o framework; extracao sem dependencias perderia contexto.","P2","Titulo/conteudo: 'GP-RG-07 - Auditoria Documental'; referencias verificadas: ICFACTORY=0, PROTEUS/CASE-01=1. O texto cruza metodo, pesquisa ou governanca reutilizavel com origem, evidencias ou decisoes da instancia."
"C:\Users\Guiuliano\SistemaAnaliseAgua\docs\research\RG_07_CLOSURE_REPORT.md","RG_07_CLOSURE_REPORT.md","HÍBRIDO","A DEFINIR apos divisao; candidato universal a ser extraido para area equivalente a docs/research/RG_07_CLOSURE_REPORT.md","YES","docs/history/HISTORY.md; docs/roadmap/ROADMAP.md","ALTO: copia integral contaminaria o framework; extracao sem dependencias perderia contexto.","P2","Titulo/conteudo: 'GP-RG-07 - Relatorio De Encerramento'; referencias verificadas: ICFACTORY=0, PROTEUS/CASE-01=1. O texto cruza metodo, pesquisa ou governanca reutilizavel com origem, evidencias ou decisoes da instancia."
"C:\Users\Guiuliano\SistemaAnaliseAgua\docs\research\RG_07_COMPARATIVE_MATRIX.md","RG_07_COMPARATIVE_MATRIX.md","UNIVERSAL","PROVISORIO (sujeito a GP posterior): docs/research/RG_07_COMPARATIVE_MATRIX.md","NO","Nenhuma dependencia documental explicita localizada no arquivo.","MEDIO: risco de promover pesquisa/evidencia a norma sem rotulo institucional explicito.","P1","Titulo/conteudo: 'GP-RG-07 - Matriz Comparativa Interavaliadores'; referencias verificadas: ICFACTORY=0, PROTEUS/CASE-01=0. O objeto e metodo de pesquisa/governanca sao independentes do dominio hidrico; manter rotulo de artefato de pesquisa quando aplicavel."
"C:\Users\Guiuliano\SistemaAnaliseAgua\docs\research\RG_07_EXECUTION_A.md","RG_07_EXECUTION_A.md","UNIVERSAL","PROVISORIO (sujeito a GP posterior): docs/research/RG_07_EXECUTION_A.md","NO","docs/research/RG_07_EXECUTION_A.md; docs/research/RG_07_EXPERIMENT_PLAN.md; docs/research/RG_07_INDEPENDENCE_PROTOCOL.md; docs/research/RG_05_CASE_SELECTION_FRAMEWORK.md; docs/research/RG_05_EXPERIMENTAL_PROTOCOL.md; docs/research/RG_05_HYPOTHESIS_OPERATIONALIZATION.md; e mais 2 referencias no proprio arquivo.","MEDIO: artefato reutilizavel, mas dependencias e status normativo devem acompanhar a migracao.","P1","Titulo/conteudo: 'GP-RG-07 — Execucao Individual Do Avaliador A'; referencias verificadas: ICFACTORY=0, PROTEUS/CASE-01=0. O objeto e metodo de pesquisa/governanca sao independentes do dominio hidrico; manter rotulo de artefato de pesquisa quando aplicavel."
"C:\Users\Guiuliano\SistemaAnaliseAgua\docs\research\RG_07_EXECUTION_B.md","RG_07_EXECUTION_B.md","UNIVERSAL","PROVISORIO (sujeito a GP posterior): docs/research/RG_07_EXECUTION_B.md","NO","docs/research/RG_07_EXECUTION_B.md; docs/research/RG_05_CASE_SELECTION_FRAMEWORK.md; docs/research/RG_05_EXPERIMENTAL_PROTOCOL.md; docs/research/RG_05_HYPOTHESIS_OPERATIONALIZATION.md; docs/research/RG_05_METRICS_AND_INTERPRETATION.md; docs/research/RG_05_THREATS_TO_VALIDITY.md; e mais 9 referencias no proprio arquivo.","MEDIO: artefato reutilizavel, mas dependencias e status normativo devem acompanhar a migracao.","P1","Titulo/conteudo: 'GP-RG-07 — Execucao Individual Do Avaliador B'; referencias verificadas: ICFACTORY=0, PROTEUS/CASE-01=0. O objeto e metodo de pesquisa/governanca sao independentes do dominio hidrico; manter rotulo de artefato de pesquisa quando aplicavel."
"C:\Users\Guiuliano\SistemaAnaliseAgua\docs\research\RG_07_EXPERIMENT_PLAN.md","RG_07_EXPERIMENT_PLAN.md","UNIVERSAL","PROVISORIO (sujeito a GP posterior): docs/research/RG_07_EXPERIMENT_PLAN.md","NO","Nenhuma dependencia documental explicita localizada no arquivo.","MEDIO: risco de promover pesquisa/evidencia a norma sem rotulo institucional explicito.","P1","Titulo/conteudo: 'GP-RG-07 - Planejamento Experimental Interavaliadores'; referencias verificadas: ICFACTORY=1, PROTEUS/CASE-01=0. O objeto e metodo de pesquisa/governanca sao independentes do dominio hidrico; manter rotulo de artefato de pesquisa quando aplicavel."
"C:\Users\Guiuliano\SistemaAnaliseAgua\docs\research\RG_07_INDEPENDENCE_PROTOCOL.md","RG_07_INDEPENDENCE_PROTOCOL.md","UNIVERSAL","PROVISORIO (sujeito a GP posterior): docs/research/RG_07_INDEPENDENCE_PROTOCOL.md","NO","docs/research/RG_07_EXPERIMENT_PLAN.md; docs/research/RG_07_INDEPENDENCE_PROTOCOL.md","MEDIO: artefato reutilizavel, mas dependencias e status normativo devem acompanhar a migracao.","P1","Titulo/conteudo: 'GP-RG-07 - Protocolo De Independencia Dos Avaliadores'; referencias verificadas: ICFACTORY=0, PROTEUS/CASE-01=0. O objeto e metodo de pesquisa/governanca sao independentes do dominio hidrico; manter rotulo de artefato de pesquisa quando aplicavel."
"C:\Users\Guiuliano\SistemaAnaliseAgua\docs\research\RG_08_ARCHITECTURAL_IMPACTS.md","RG_08_ARCHITECTURAL_IMPACTS.md","UNIVERSAL","PROVISORIO (sujeito a GP posterior): docs/research/RG_08_ARCHITECTURAL_IMPACTS.md","NO","Nenhuma dependencia documental explicita localizada no arquivo.","MEDIO: risco de promover pesquisa/evidencia a norma sem rotulo institucional explicito.","P1","Titulo/conteudo: 'GP-RG-08 — Impactos Arquiteturais na Metodologia GDC-R'; referencias verificadas: ICFACTORY=0, PROTEUS/CASE-01=0. O objeto e metodo de pesquisa/governanca sao independentes do dominio hidrico; manter rotulo de artefato de pesquisa quando aplicavel."
"C:\Users\Guiuliano\SistemaAnaliseAgua\docs\research\RG_08_CLASSIFICATION_CRITERIA.md","RG_08_CLASSIFICATION_CRITERIA.md","UNIVERSAL","PROVISORIO (sujeito a GP posterior): docs/research/RG_08_CLASSIFICATION_CRITERIA.md","NO","Nenhuma dependencia documental explicita localizada no arquivo.","MEDIO: risco de promover pesquisa/evidencia a norma sem rotulo institucional explicito.","P0","Titulo/conteudo: 'GP-RG-08 — Critérios de Classificação da Integridade e Executabilidade'; referencias verificadas: ICFACTORY=0, PROTEUS/CASE-01=0. O objeto e metodo de pesquisa/governanca sao independentes do dominio hidrico; manter rotulo de artefato de pesquisa quando aplicavel."
"C:\Users\Guiuliano\SistemaAnaliseAgua\docs\research\RG_08_CLOSURE_REPORT.md","RG_08_CLOSURE_REPORT.md","HÍBRIDO","A DEFINIR apos divisao; candidato universal a ser extraido para area equivalente a docs/research/RG_08_CLOSURE_REPORT.md","YES","docs/history/HISTORY.md; docs/roadmap/ROADMAP.md","ALTO: copia integral contaminaria o framework; extracao sem dependencias perderia contexto.","P2","Titulo/conteudo: 'GP-RG-08 — Relatório de Encerramento'; referencias verificadas: ICFACTORY=0, PROTEUS/CASE-01=1. O texto cruza metodo, pesquisa ou governanca reutilizavel com origem, evidencias ou decisoes da instancia."
"C:\Users\Guiuliano\SistemaAnaliseAgua\docs\research\RG_08_EXECUTABILITY_CHECKLIST.md","RG_08_EXECUTABILITY_CHECKLIST.md","UNIVERSAL","PROVISORIO (sujeito a GP posterior): docs/research/RG_08_EXECUTABILITY_CHECKLIST.md","NO","Nenhuma dependencia documental explicita localizada no arquivo.","MEDIO: risco de promover pesquisa/evidencia a norma sem rotulo institucional explicito.","P0","Titulo/conteudo: 'GP-RG-08 — Checklist de Executabilidade do Pacote Experimental'; referencias verificadas: ICFACTORY=0, PROTEUS/CASE-01=0. O objeto e metodo de pesquisa/governanca sao independentes do dominio hidrico; manter rotulo de artefato de pesquisa quando aplicavel."
"C:\Users\Guiuliano\SistemaAnaliseAgua\docs\research\RG_08_EXECUTABILITY_FRAMEWORK.md","RG_08_EXECUTABILITY_FRAMEWORK.md","UNIVERSAL","PROVISORIO (sujeito a GP posterior): docs/research/RG_08_EXECUTABILITY_FRAMEWORK.md","NO","Nenhuma dependencia documental explicita localizada no arquivo.","MEDIO: risco de promover pesquisa/evidencia a norma sem rotulo institucional explicito.","P0","Titulo/conteudo: 'GP-RG-08 — Framework de Executabilidade Experimental'; referencias verificadas: ICFACTORY=0, PROTEUS/CASE-01=0. O objeto e metodo de pesquisa/governanca sao independentes do dominio hidrico; manter rotulo de artefato de pesquisa quando aplicavel."
"C:\Users\Guiuliano\SistemaAnaliseAgua\docs\research\RG_08_PACKAGE_INTEGRITY_PROTOCOL.md","RG_08_PACKAGE_INTEGRITY_PROTOCOL.md","UNIVERSAL","PROVISORIO (sujeito a GP posterior): docs/research/RG_08_PACKAGE_INTEGRITY_PROTOCOL.md","NO","Nenhuma dependencia documental explicita localizada no arquivo.","MEDIO: risco de promover pesquisa/evidencia a norma sem rotulo institucional explicito.","P0","Titulo/conteudo: 'GP-RG-08 — Protocolo de Integridade do Pacote Experimental'; referencias verificadas: ICFACTORY=0, PROTEUS/CASE-01=0. O objeto e metodo de pesquisa/governanca sao independentes do dominio hidrico; manter rotulo de artefato de pesquisa quando aplicavel."
"C:\Users\Guiuliano\SistemaAnaliseAgua\docs\research\RG_09_CLOSURE_REPORT.md","RG_09_CLOSURE_REPORT.md","HÍBRIDO","A DEFINIR apos divisao; candidato universal a ser extraido para area equivalente a docs/research/RG_09_CLOSURE_REPORT.md","YES","Nenhuma dependencia documental explicita localizada no arquivo.","ALTO: copia integral contaminaria o framework; extracao sem dependencias perderia contexto.","P2","Titulo/conteudo: 'GP-RG-09 — Relatório de Encerramento'; referencias verificadas: ICFACTORY=0, PROTEUS/CASE-01=1. O texto cruza metodo, pesquisa ou governanca reutilizavel com origem, evidencias ou decisoes da instancia."
"C:\Users\Guiuliano\SistemaAnaliseAgua\docs\research\RG_09_EXECUTION_REPORT.md","RG_09_EXECUTION_REPORT.md","UNIVERSAL","PROVISORIO (sujeito a GP posterior): docs/research/RG_09_EXECUTION_REPORT.md","NO","docs/research/RG_09_EXECUTION_REPORT.md","MEDIO: artefato reutilizavel, mas dependencias e status normativo devem acompanhar a migracao.","P1","Titulo/conteudo: 'GP-RG-09 — Relatório de Execução do Piloto GX-PKG'; referencias verificadas: ICFACTORY=0, PROTEUS/CASE-01=0. O objeto e metodo de pesquisa/governanca sao independentes do dominio hidrico; manter rotulo de artefato de pesquisa quando aplicavel."
"C:\Users\Guiuliano\SistemaAnaliseAgua\docs\research\RG_09_FINAL_ANALYSIS.md","RG_09_FINAL_ANALYSIS.md","UNIVERSAL","PROVISORIO (sujeito a GP posterior): docs/research/RG_09_FINAL_ANALYSIS.md","NO","Nenhuma dependencia documental explicita localizada no arquivo.","MEDIO: risco de promover pesquisa/evidencia a norma sem rotulo institucional explicito.","P1","Titulo/conteudo: 'GP-RG-09 — Análise Final do Piloto Sintético GX-PKG'; referencias verificadas: ICFACTORY=0, PROTEUS/CASE-01=0. O objeto e metodo de pesquisa/governanca sao independentes do dominio hidrico; manter rotulo de artefato de pesquisa quando aplicavel."
"C:\Users\Guiuliano\SistemaAnaliseAgua\docs\research\RG_09_RESULTS_MATRIX.md","RG_09_RESULTS_MATRIX.md","UNIVERSAL","PROVISORIO (sujeito a GP posterior): docs/research/RG_09_RESULTS_MATRIX.md","NO","Nenhuma dependencia documental explicita localizada no arquivo.","MEDIO: risco de promover pesquisa/evidencia a norma sem rotulo institucional explicito.","P1","Titulo/conteudo: 'GP-RG-09 — Matriz Consolidada de Resultados'; referencias verificadas: ICFACTORY=0, PROTEUS/CASE-01=0. O objeto e metodo de pesquisa/governanca sao independentes do dominio hidrico; manter rotulo de artefato de pesquisa quando aplicavel."
"C:\Users\Guiuliano\SistemaAnaliseAgua\docs\research\RG_09_SYNTHETIC_EXPERIMENT_PLAN.md","RG_09_SYNTHETIC_EXPERIMENT_PLAN.md","UNIVERSAL","PROVISORIO (sujeito a GP posterior): docs/research/RG_09_SYNTHETIC_EXPERIMENT_PLAN.md","NO","Nenhuma dependencia documental explicita localizada no arquivo.","MEDIO: risco de promover pesquisa/evidencia a norma sem rotulo institucional explicito.","P1","Titulo/conteudo: 'GP-RG-09 — Plano do Experimento Sintético GX-PKG'; referencias verificadas: ICFACTORY=0, PROTEUS/CASE-01=0. O objeto e metodo de pesquisa/governanca sao independentes do dominio hidrico; manter rotulo de artefato de pesquisa quando aplicavel."
"C:\Users\Guiuliano\SistemaAnaliseAgua\docs\research\RG_09_TEST_CASES.md","RG_09_TEST_CASES.md","UNIVERSAL","PROVISORIO (sujeito a GP posterior): docs/research/RG_09_TEST_CASES.md","NO","Nenhuma dependencia documental explicita localizada no arquivo.","MEDIO: risco de promover pesquisa/evidencia a norma sem rotulo institucional explicito.","P1","Titulo/conteudo: 'GP-RG-09 — Casos Sintéticos Congelados'; referencias verificadas: ICFACTORY=0, PROTEUS/CASE-01=0. O objeto e metodo de pesquisa/governanca sao independentes do dominio hidrico; manter rotulo de artefato de pesquisa quando aplicavel."
"C:\Users\Guiuliano\SistemaAnaliseAgua\docs\research\RG_09_THREATS_TO_VALIDITY.md","RG_09_THREATS_TO_VALIDITY.md","UNIVERSAL","PROVISORIO (sujeito a GP posterior): docs/research/RG_09_THREATS_TO_VALIDITY.md","NO","Nenhuma dependencia documental explicita localizada no arquivo.","MEDIO: risco de promover pesquisa/evidencia a norma sem rotulo institucional explicito.","P1","Titulo/conteudo: 'GP-RG-09 — Ameaças à Validade'; referencias verificadas: ICFACTORY=0, PROTEUS/CASE-01=0. O objeto e metodo de pesquisa/governanca sao independentes do dominio hidrico; manter rotulo de artefato de pesquisa quando aplicavel."
"C:\Users\Guiuliano\SistemaAnaliseAgua\docs\research\rg09_fixtures\case_a\authority.md","authority.md","UNIVERSAL","PROVISORIO (sujeito a GP posterior): docs/research/rg09_fixtures/case_a/authority.md","NO","Nenhuma dependencia documental explicita localizada no arquivo.","MEDIO: risco de promover pesquisa/evidencia a norma sem rotulo institucional explicito.","P1","Titulo/conteudo: 'Synthetic Authority A'; referencias verificadas: ICFACTORY=0, PROTEUS/CASE-01=0. O objeto e metodo de pesquisa/governanca sao independentes do dominio hidrico; manter rotulo de artefato de pesquisa quando aplicavel."
"C:\Users\Guiuliano\SistemaAnaliseAgua\docs\research\rg09_fixtures\case_a\input.md","input.md","UNIVERSAL","PROVISORIO (sujeito a GP posterior): docs/research/rg09_fixtures/case_a/input.md","NO","Nenhuma dependencia documental explicita localizada no arquivo.","MEDIO: risco de promover pesquisa/evidencia a norma sem rotulo institucional explicito.","P1","Titulo/conteudo: 'Synthetic Input A'; referencias verificadas: ICFACTORY=0, PROTEUS/CASE-01=0. O objeto e metodo de pesquisa/governanca sao independentes do dominio hidrico; manter rotulo de artefato de pesquisa quando aplicavel."
"C:\Users\Guiuliano\SistemaAnaliseAgua\docs\research\rg09_fixtures\case_a\instrument.md","instrument.md","UNIVERSAL","PROVISORIO (sujeito a GP posterior): docs/research/rg09_fixtures/case_a/instrument.md","NO","Nenhuma dependencia documental explicita localizada no arquivo.","MEDIO: risco de promover pesquisa/evidencia a norma sem rotulo institucional explicito.","P1","Titulo/conteudo: 'Synthetic Instrument A'; referencias verificadas: ICFACTORY=0, PROTEUS/CASE-01=0. O objeto e metodo de pesquisa/governanca sao independentes do dominio hidrico; manter rotulo de artefato de pesquisa quando aplicavel."
"C:\Users\Guiuliano\SistemaAnaliseAgua\docs\research\rg09_fixtures\case_a\output_contract.md","output_contract.md","UNIVERSAL","PROVISORIO (sujeito a GP posterior): docs/research/rg09_fixtures/case_a/output_contract.md","NO","docs/research/RG_09_EXECUTION_REPORT.md","MEDIO: artefato reutilizavel, mas dependencias e status normativo devem acompanhar a migracao.","P1","Titulo/conteudo: 'Synthetic Output Contract A'; referencias verificadas: ICFACTORY=0, PROTEUS/CASE-01=0. O objeto e metodo de pesquisa/governanca sao independentes do dominio hidrico; manter rotulo de artefato de pesquisa quando aplicavel."
"C:\Users\Guiuliano\SistemaAnaliseAgua\docs\research\rg09_fixtures\case_a\package_manifest.md","package_manifest.md","UNIVERSAL","PROVISORIO (sujeito a GP posterior): docs/research/rg09_fixtures/case_a/package_manifest.md","NO","docs/research/RG_09_EXECUTION_REPORT.md","MEDIO: artefato reutilizavel, mas dependencias e status normativo devem acompanhar a migracao.","P1","Titulo/conteudo: 'Synthetic Package Manifest A'; referencias verificadas: ICFACTORY=0, PROTEUS/CASE-01=0. O objeto e metodo de pesquisa/governanca sao independentes do dominio hidrico; manter rotulo de artefato de pesquisa quando aplicavel."
"C:\Users\Guiuliano\SistemaAnaliseAgua\docs\research\rg09_fixtures\case_a\procedure.md","procedure.md","UNIVERSAL","PROVISORIO (sujeito a GP posterior): docs/research/rg09_fixtures/case_a/procedure.md","NO","Nenhuma dependencia documental explicita localizada no arquivo.","MEDIO: risco de promover pesquisa/evidencia a norma sem rotulo institucional explicito.","P1","Titulo/conteudo: 'Synthetic Procedure A'; referencias verificadas: ICFACTORY=0, PROTEUS/CASE-01=0. O objeto e metodo de pesquisa/governanca sao independentes do dominio hidrico; manter rotulo de artefato de pesquisa quando aplicavel."
"C:\Users\Guiuliano\SistemaAnaliseAgua\docs\research\rg09_fixtures\case_b\authority.md","authority.md","UNIVERSAL","PROVISORIO (sujeito a GP posterior): docs/research/rg09_fixtures/case_b/authority.md","NO","Nenhuma dependencia documental explicita localizada no arquivo.","MEDIO: risco de promover pesquisa/evidencia a norma sem rotulo institucional explicito.","P1","Titulo/conteudo: 'Synthetic Authority B'; referencias verificadas: ICFACTORY=0, PROTEUS/CASE-01=0. O objeto e metodo de pesquisa/governanca sao independentes do dominio hidrico; manter rotulo de artefato de pesquisa quando aplicavel."
"C:\Users\Guiuliano\SistemaAnaliseAgua\docs\research\rg09_fixtures\case_b\input.md","input.md","UNIVERSAL","PROVISORIO (sujeito a GP posterior): docs/research/rg09_fixtures/case_b/input.md","NO","Nenhuma dependencia documental explicita localizada no arquivo.","MEDIO: risco de promover pesquisa/evidencia a norma sem rotulo institucional explicito.","P1","Titulo/conteudo: 'Synthetic Input B'; referencias verificadas: ICFACTORY=0, PROTEUS/CASE-01=0. O objeto e metodo de pesquisa/governanca sao independentes do dominio hidrico; manter rotulo de artefato de pesquisa quando aplicavel."
"C:\Users\Guiuliano\SistemaAnaliseAgua\docs\research\rg09_fixtures\case_b\instrument.md","instrument.md","UNIVERSAL","PROVISORIO (sujeito a GP posterior): docs/research/rg09_fixtures/case_b/instrument.md","NO","Nenhuma dependencia documental explicita localizada no arquivo.","MEDIO: risco de promover pesquisa/evidencia a norma sem rotulo institucional explicito.","P1","Titulo/conteudo: 'Synthetic Instrument B'; referencias verificadas: ICFACTORY=0, PROTEUS/CASE-01=0. O objeto e metodo de pesquisa/governanca sao independentes do dominio hidrico; manter rotulo de artefato de pesquisa quando aplicavel."
"C:\Users\Guiuliano\SistemaAnaliseAgua\docs\research\rg09_fixtures\case_b\output_contract.md","output_contract.md","UNIVERSAL","PROVISORIO (sujeito a GP posterior): docs/research/rg09_fixtures/case_b/output_contract.md","NO","docs/research/RG_09_EXECUTION_REPORT.md","MEDIO: artefato reutilizavel, mas dependencias e status normativo devem acompanhar a migracao.","P1","Titulo/conteudo: 'Synthetic Output Contract B'; referencias verificadas: ICFACTORY=0, PROTEUS/CASE-01=0. O objeto e metodo de pesquisa/governanca sao independentes do dominio hidrico; manter rotulo de artefato de pesquisa quando aplicavel."
"C:\Users\Guiuliano\SistemaAnaliseAgua\docs\research\rg09_fixtures\case_b\package_manifest.md","package_manifest.md","UNIVERSAL","PROVISORIO (sujeito a GP posterior): docs/research/rg09_fixtures/case_b/package_manifest.md","NO","docs/research/RG_09_EXECUTION_REPORT.md","MEDIO: artefato reutilizavel, mas dependencias e status normativo devem acompanhar a migracao.","P1","Titulo/conteudo: 'Synthetic Package Manifest B'; referencias verificadas: ICFACTORY=0, PROTEUS/CASE-01=0. O objeto e metodo de pesquisa/governanca sao independentes do dominio hidrico; manter rotulo de artefato de pesquisa quando aplicavel."
"C:\Users\Guiuliano\SistemaAnaliseAgua\docs\research\rg09_fixtures\case_b\procedure.md","procedure.md","UNIVERSAL","PROVISORIO (sujeito a GP posterior): docs/research/rg09_fixtures/case_b/procedure.md","NO","Nenhuma dependencia documental explicita localizada no arquivo.","MEDIO: risco de promover pesquisa/evidencia a norma sem rotulo institucional explicito.","P1","Titulo/conteudo: 'Synthetic Procedure B'; referencias verificadas: ICFACTORY=0, PROTEUS/CASE-01=0. O objeto e metodo de pesquisa/governanca sao independentes do dominio hidrico; manter rotulo de artefato de pesquisa quando aplicavel."
"C:\Users\Guiuliano\SistemaAnaliseAgua\docs\research\rg09_fixtures\case_c\authority.md","authority.md","UNIVERSAL","PROVISORIO (sujeito a GP posterior): docs/research/rg09_fixtures/case_c/authority.md","NO","Nenhuma dependencia documental explicita localizada no arquivo.","MEDIO: risco de promover pesquisa/evidencia a norma sem rotulo institucional explicito.","P1","Titulo/conteudo: 'Synthetic Authority C'; referencias verificadas: ICFACTORY=0, PROTEUS/CASE-01=0. O objeto e metodo de pesquisa/governanca sao independentes do dominio hidrico; manter rotulo de artefato de pesquisa quando aplicavel."
"C:\Users\Guiuliano\SistemaAnaliseAgua\docs\research\rg09_fixtures\case_c\instrument.md","instrument.md","UNIVERSAL","PROVISORIO (sujeito a GP posterior): docs/research/rg09_fixtures/case_c/instrument.md","NO","Nenhuma dependencia documental explicita localizada no arquivo.","MEDIO: risco de promover pesquisa/evidencia a norma sem rotulo institucional explicito.","P1","Titulo/conteudo: 'Synthetic Instrument C'; referencias verificadas: ICFACTORY=0, PROTEUS/CASE-01=0. O objeto e metodo de pesquisa/governanca sao independentes do dominio hidrico; manter rotulo de artefato de pesquisa quando aplicavel."
"C:\Users\Guiuliano\SistemaAnaliseAgua\docs\research\rg09_fixtures\case_c\output_contract.md","output_contract.md","UNIVERSAL","PROVISORIO (sujeito a GP posterior): docs/research/rg09_fixtures/case_c/output_contract.md","NO","docs/research/RG_09_EXECUTION_REPORT.md","MEDIO: artefato reutilizavel, mas dependencias e status normativo devem acompanhar a migracao.","P1","Titulo/conteudo: 'Synthetic Output Contract C'; referencias verificadas: ICFACTORY=0, PROTEUS/CASE-01=0. O objeto e metodo de pesquisa/governanca sao independentes do dominio hidrico; manter rotulo de artefato de pesquisa quando aplicavel."
"C:\Users\Guiuliano\SistemaAnaliseAgua\docs\research\rg09_fixtures\case_c\package_manifest.md","package_manifest.md","UNIVERSAL","PROVISORIO (sujeito a GP posterior): docs/research/rg09_fixtures/case_c/package_manifest.md","NO","docs/research/RG_09_EXECUTION_REPORT.md","MEDIO: artefato reutilizavel, mas dependencias e status normativo devem acompanhar a migracao.","P1","Titulo/conteudo: 'Synthetic Package Manifest C'; referencias verificadas: ICFACTORY=0, PROTEUS/CASE-01=0. O objeto e metodo de pesquisa/governanca sao independentes do dominio hidrico; manter rotulo de artefato de pesquisa quando aplicavel."
"C:\Users\Guiuliano\SistemaAnaliseAgua\docs\research\rg09_fixtures\case_c\procedure.md","procedure.md","UNIVERSAL","PROVISORIO (sujeito a GP posterior): docs/research/rg09_fixtures/case_c/procedure.md","NO","Nenhuma dependencia documental explicita localizada no arquivo.","MEDIO: risco de promover pesquisa/evidencia a norma sem rotulo institucional explicito.","P1","Titulo/conteudo: 'Synthetic Procedure C'; referencias verificadas: ICFACTORY=0, PROTEUS/CASE-01=0. O objeto e metodo de pesquisa/governanca sao independentes do dominio hidrico; manter rotulo de artefato de pesquisa quando aplicavel."
"C:\Users\Guiuliano\SistemaAnaliseAgua\docs\research\rg09_fixtures\case_d\SCENARIO_DECLARATION.md","SCENARIO_DECLARATION.md","UNIVERSAL","PROVISORIO (sujeito a GP posterior): docs/research/rg09_fixtures/case_d/SCENARIO_DECLARATION.md","NO","Nenhuma dependencia documental explicita localizada no arquivo.","MEDIO: risco de promover pesquisa/evidencia a norma sem rotulo institucional explicito.","P1","Titulo/conteudo: 'Synthetic Scenario D — Deliberately Non-Executable'; referencias verificadas: ICFACTORY=0, PROTEUS/CASE-01=0. O objeto e metodo de pesquisa/governanca sao independentes do dominio hidrico; manter rotulo de artefato de pesquisa quando aplicavel."
"C:\Users\Guiuliano\SistemaAnaliseAgua\docs\roadmap\ROADMAP.md","ROADMAP.md","HÍBRIDO","A DEFINIR apos divisao; candidato universal a ser extraido para area equivalente a docs/roadmap/ROADMAP.md","YES","docs/architecture/PE_22_WAVE_B_ELIGIBILITY_AUDIT.md; docs/architecture/PE_23_TECHNICAL_ASSET_INVENTORY.md; docs/architecture/PE_24_PATRIMONIAL_PROMOTION_PLAN.md; docs/architecture/PE_25_LOT01_PROMOTION_EXECUTION.md; docs/architecture/EXECUTIVE_INTELLIGENCE_ARCHITECTURE.md; docs/architecture/GP_A22E_EXECUTIVE_RECOMMENDATION_TRACEABILITY.md; e mais 141 referencias no proprio arquivo.","ALTO: copia integral contaminaria o framework; extracao sem dependencias perderia contexto.","P2","Titulo/conteudo: 'ROADMAP'; referencias verificadas: ICFACTORY=17, PROTEUS/CASE-01=61. Agrega registros metodologicos ICFACTORY e cronologia/planejamento operacional do PROTEUS no mesmo arquivo."
"C:\Users\Guiuliano\SistemaAnaliseAgua\docs\website\ABOUT_PROTEUS.md","ABOUT_PROTEUS.md","INSTÂNCIA","SEM MIGRACAO: permanecer no repositorio PROTEUS","NO","Nenhuma dependencia documental explicita localizada no arquivo.","BAIXO PARA O FRAMEWORK: perda de contexto ocorreria apenas se o artefato da instancia fosse migrado isoladamente.","P3","Titulo/conteudo: 'Pagina Sobre O PROTEUS'; referencias verificadas: ICFACTORY=1, PROTEUS/CASE-01=8. O titulo, o dominio, as dependencias ou a finalidade descrevem arquitetura, operacao, comunicacao, avaliacao ou estado do PROTEUS."
"C:\Users\Guiuliano\SistemaAnaliseAgua\README.md","README.md","INSTÂNCIA","SEM MIGRACAO: permanecer no repositorio PROTEUS","NO","Nenhuma dependencia documental explicita localizada no arquivo.","BAIXO PARA O FRAMEWORK: perda de contexto ocorreria apenas se o artefato da instancia fosse migrado isoladamente.","P3","Titulo/conteudo: 'Sistema De Análise De Água'; referencias verificadas: ICFACTORY=2, PROTEUS/CASE-01=2. O titulo, o dominio, as dependencias ou a finalidade descrevem arquitetura, operacao, comunicacao, avaliacao ou estado do PROTEUS."
